,account_name,user_name,followed,s_follow,s_follow2
0,,,Twift,ãƒ•ã‚©ãƒ­ãƒ¼æ‹…å½“è€…,
1,ã‚¢ã‚«ã‚¦ãƒ³ãƒˆå,ãƒ¦ãƒ¼ã‚¶ãƒ¼å,ãƒ•ã‚©ãƒ­ãƒ¼å…ˆå¤‰æ›´ãƒ»åæ˜ æ—¥,"ãƒ•ã‚©ãƒ­ãƒ¼å…ˆ
å„ªå…ˆ",ãƒ•ã‚©ãƒ­ãƒ¼å…ˆ
2,å®‡å®™äººã‚¢ãƒ«ã‚³ãƒ« à¤–à¥à¤¶à¥€ã€œãƒ–ãƒ­ãƒƒã‚¯è§£æ”¾ãƒ»10å…†ã‚¨ãƒãƒ«ã‚®ãƒ¼ãƒ¯ãƒ¼ã‚¯ãƒ»äº‹æ¥­ç›¸è«‡ã€œ,cosmos_alcor,,UF_dynasty,okage_arigataya
3,ã‚¢ãƒ«ã‚³ãƒ«ã®è£ãƒ»å®‡å®™ç©ºé–“,alcorcosmos123,,MoonCrusader,
4,å®‡å®™äººãƒ”ãƒ¼ã‚¹,CosmoElger,"2023/03/8,radran20,2022/12/17,oki_1192kenko,2022/12/12,LpXk6,2022/10/9,oki_1192kenko,2022/9/19,Kagami_Ryuji,2022/9/15,lilacblueblue,2022/9/8,Takadakavoce",zicocouteikan,
5,å®‡å®™äººã‚¹ãƒ¼ãƒ³,heal_Soon,,do_Counselor,oneday_onelife8
6,å®‡å®™äººãƒã‚¸,CosmosPozi,,manomano_farm,mayumiya_mikako
7,å®‡å®™äººãƒªãƒ¥ãƒ©ã‚§,CosmosLyrae,"2023/03/8,paya_paya_kun,1/21,hamshigesan,2022/12/12,free_reonlife,2022/11/22,kenkun_jinja,2022/11/14,kunozan_toshogu,2022/9/28,liber_life,2022/8/16,rara_hana_,2022/6/9,rara_hana_,rie61619330",Rkpb_R,
8,å®‡å®™äººãƒŠã‚ªã‚¹,CosmosNaos,"2023/03/7,Kyoto_Ryota_F,2022/11/26,cobraptl,2022/11/14,kamomioyajinja",sai_tabibito,23jinomimizuku
9,å®‡å®™äººã‚ªãƒªã‚ªãƒ³,CosmosOrion639,"2023/03/8,sho30_hsshsp,2022/12/12,aki_location,2022/11/30,komadogsan,mi_smile10,2022/10/30,ltVeEtRDoKxHv8w,2022/6/9,ltVeEtRDoKxHv8w",XU3F8wI1Csm5HQ2,
10,å®‡å®™äººã‚«ãƒ•ãƒ©ãƒ¼,CosmosKafla,"2023/03/8,badassceo,2022/12/12,satoko_blessyou,2022/11/7,PBVcy7GiZoKFi2k,2022/10/30,japan50032175,2022/9/8,saeligood,2022/8/10,kanon_itami_Try,2022/8/7,sayuri825,2022/7/29,NHJcxs4pPIlPX0Q,2022/6/29,NHJcxs4pPIlPX0Q",mj_yzf,
11,å®‡å®™äººã‚¿ãƒ­ãƒƒãƒˆ,TarotCosmos,"2023/03/8,Daisuke_F369,1/11,koshian_chiba,2022/12/28,zenji_nio,2022/12/5,aoejinja,2022/11/14,MuseeMagica,2022/10/21,makiakari,genyu2_,kaedechann3",monkey_across,
12,å®‡å®™äººãƒ¨ãƒ¼ã‚¬,Yogacosmos,"2022/12/5,seimeijinja,2022/10/21,Minazuki_Rion3,2022/10/13,ritsuuranaishi,2022/9/21,yopei1222,2022/8/28,haruobb,2022/8/16,suyasuyato3,2022/7/27,yamachan_5LC",1055style,gishigaku
13,å®‡å®™äººã‚«ãƒ¼ãƒ ,calm_cosmos,"2023/03/4,aqua_blanca,2/24,WagtailW,2/22,cho_biyouchan,2/13,Yukifunese,1/16,hibiki_spirit,1/11,hibiki_spirit,Yukifunese1/9,kazuma_uranai,2022/12/12,HRenpou,2022/11/30,kobansou85,2022/11/22,startry,2022/11/14,atagojinjya,2022/10/19,dore_official9,2022/10/6,kami_nukenai,_kyunchannel_,2022/9/28,xxJBIebsCrew,2022/6/9,xxJBIebsCrew",manabubannai,kikiiiiy0901
14,å®‡å®™äººãƒ¢ã‚¯,CosmosMer,"2023/03/7,bear5599,2/13,0417tatuya,1/27,freelife_blog,2022/12/27,jF5dIjRvg85jFIj,2022/12/23,Lucha1151,2022/9/19,Drjinclinic,Satokun35701723",masako_otsuka,
15,å®‡å®™äººãƒªãƒ¼ãƒ‰,CosmosRead,"2023/03/8,aya_sinmama",afilasite,
16,å®‡å®™äººã‚¢ãƒ«ãƒ•ã‚§,CosmosAlphe,"2023/03/8,judsan12,2022/11/28,dera3daze,2022/11/14,matsuzakichikai,2022/9/7,tabupan_jp,2022/8/23,fujifujizombi,realogue,2022/8/9,MIKO46250535,2022/8/3,ecchan_kirakira",Psycho_Note,
17,å®‡å®™äººã‚µãƒ€ãƒ«ãƒ¡ãƒªã‚¯,Sadalmelek212,"2023/03/8,ponnu20mama,1/11,usakorakuraku,ponnu20mama,1/6,de591g2,2022/12/1,hato_lifehack,2022/11/28,kuroinutarot,2022/11/14,jinjakentei,2022/10/30,toyoyo57790459,2022/9/21,antoshia2n,2022/9/11,ina_mirisa,2022/8/29,panshokunin123,2022/8/18,rinko_rinko0619,2022/8/3,y3027m",sato_father4,
18,å®‡å®™äººãƒ—ãƒ©ã‚­ã‚¨ãƒ—ã‚¢,CosmosPuek11,"2023/03/8,3DRZtPzbkfObDpF,2022/12/23,haruto_spi,2022/12/12,momo__hsp,bon_bon_usagi,2022/10/11,rurusekakiha,2022/10/3,fu_umin_blog,2022/9/25,aya_ponpon1221ringotoranp,2022/9/12,z87sVRNJvvJqdUg,2022/7/26,blue_bird0927",pocomi_chi,
19,å®‡å®™äººã‚´ãƒ¡ã‚¤ã‚¶,CosmosGomeisa88,"2023/03/8,KENSUKEYAMAGUC2,2023/03/1,ns__rie,2/13,jisei0918,1/16,Books_Apps,2022/12/30,tomoko_beylee7,2022/12/27,rurouni15967,2022/8/18,chi3deyansu,2022/8/02,iyashimasyo,490KOrktu7O28bA",banana_bot,
20,aiko,ai_heal_21,,rikomiyazawa,kazuki_honya
21,ã‚¦ãƒ«ãƒˆï¼ãƒ˜ã‚«ã‚¦å¥³ç¥,UltoHekau,"2023/03/7,sadamasa_mori,1/11Mamma_miya081,sadamasa_mori,1/9,aya_gokigen,2022/11/28,kifunejinja,2022/11/7,awata_shrine,2022/10/25,oyumaru000,2022/10/13,yymrtg,2022/10/1,AoiKoyama1",Hidepon_Art,renai_teacher1
22,ç‹ï½œä¼è¨€,inari_sin_,"2023/03/8,Ninna_ji,2022/12/1,uranai_yagizaa,2022/10/5,ryujin8jinturki,fortuneapp123,2022/9/17,chiepi_research,Kiuiage,2022/8/25,mako0350,2022/8/18,shion0x0x,2022/7/28,charko11spi,2022/7/14,mangayaro,oN8v9fEXYQCjQti,hireakiju68",Whitebear_SSch,
23,ã€æœ€å¼·é‡‘é‹ã€‘å·¨ä¸‡ã®å¯Œã‚’ã‚‚ãŸã‚‰ã™é»„é‡‘ã®ï¼˜ï¼ï¼ä¸‡ã®ç¥ã€…ã®æ½œåœ¨æ„è­˜,srfyrbcs,"2023/03/8,trivia_hour,1/11,supohen_asakatu,trivia_hour,1/9,RenaiyaSakura,2022/12/23,startry,2022/12/12,Hi_soca,2022/11/30,koutosisite,2022/10/30,yuuhi_sns,2022/10/26,positive_yuzuka,2022/10/7,hoshinonozomimi,2022/9/14,tanutowa,2022/8/10,pesca1128,2022/7/29,c6fN5Xee0CbK71b,2022/6/6,XBfcKi5OZX1v6nF,tsubuyakirabbit,Amaterasu00001",amasehimika147,
24,çŒ«Ù‚Ø·ï½œãƒã‚¹ãƒ†ãƒˆç¥è©±,bastet_sin,"2023/03/7,AokiFudosan,2/13,hatanohiroshi,1/11,GecchoM,keifu721,1/9,ninja_in_japan",Wwmajidesorena,philosopium
25,ã‚¤ã‚·ã‚¹(Isis),isis174963,,mochizukiayaka,VtuberRena
26,ãƒã‚¶ãƒ¼ã‚·ãƒƒãƒ—ãƒ»ã‚½ãƒ¼ãƒ©ãƒ¼ã‚·ã‚¹ãƒ†ãƒ ã®å…‰ç·š,helmesl444,"2023/03/7,shakunone,1/27,CS60osaka1,2022/12/28,yuridesign_vn,2022/11/3,bluelotus808,2022/10/9,Omaoma2140,2022/9/19,misatofikiitos,happysmileseed4,kashiwagi84,2022/9/10,Akirin18,2022/9/5,komaList0311,2022/8/23,Rururuu_0406,2022/8/18,FUKUGOD,2022/7/13,kuroyoubi14",milky_way__love,sakamotomisuzu
27,ç¾ä¸–è»¢ç”Ÿ/ã‚¢ãƒ–ãƒ©ãƒãƒ ã®ãŠå‘Šã’,abrhm_21,"2023/03/8,radran10,2022/12/27,yunomamaT,2022/12/23,ieskirist_issei,2022/12/12,195594mi,2022/12/5,mote_otokouke,2022/11/28,http_hebimiko,2022/11/25,kashima_jingu,2022/11/22,kanda_myoujin,2022/11/14,irorisanzoku,2022/10/25,uranai_mizugaam,2022/9/19,yukata03,jasmin_igoSmile,2022/9/16,tninnaka",career_kenta,
28,ã‚¦ã‚¢ã‚¸ãƒ£ãƒˆå¥³ç¥,GoddessUajat,"2/22,zicocouteikan,1/11,yamabuki_usa,zicocouteikan,1/6,kaede_uranai7,2022/12/5,twi_jinjya_,2022/10/21,ina_mirisa,2022/9/4,marebito0215",nihontoshiconsa,
29,æ˜Ÿé‡ãƒ«ã‚«âœ¨ğŸŒˆ,kjyydeym,"2023/03/8,yaino_group,2022/12/12,koichi_kawakami,2022/12/5,mahide8,gabrriera2022/11/22,e98SnMZJchhlqjt,2022/10/11,yamagata88akira,2022/10/5,mika_n_chan1994,2022/9/3,nanami00463354,Remusuro,2022/8/8,MANAMI82614555,miurennrenn,2022/7/5,oM4MPkb5I75QZO9",kanzakimeri,
30,å¥³ç¥ã®å¸°é‚„ãƒ’ãƒ¼ãƒªãƒ³ã‚° ğŸŒ¹âœ¨ï¼ã‚¤ãƒ«ã‚«ğŸ¬,fbNA0UYB7W38,"2023/03/8,Ryoot13,2022/11/16,Ryoot13,KASUGASHRINE,2022/9/11,kakkouinkyosho,2022/9/6,mii2525jp,2022/8/23,itoko_nikon,2022/7/15,0_ZERO_8,2022/9/11,kakkouinkyosho,2022/9/6,mii2525jp,2022/8/23,itoko_nikon,2022/7/15,0_ZERO_8",masyumaro_ayuyu,
31,ãƒ—ãƒ¬ã‚¢ãƒ‡ã‚¹ã®å¤œæ˜ã‘ï¼å¤©ä½¿ã®é ˜åŸŸã¨ã®å¼·ã„ç¹‹ãŒã‚Š,Braunvernicenmr,"2023/03/7,mako_chie,1/26,2qiaLo,1/11,manami_body,tabehoJ,1/6,raoutanaka,2022/12/27,isshy_kinun,2022/12/8,usalica,Monjiro_2017,2022/10/30,ZiNmt6f,2022/10/25,uranai_oushiza,2022/9/21,kattsun0629",neppu6147,yurika10311
32,éœŠè¦–ã€ç›´è¦³èƒ½åŠ›ã‚¢ãƒƒãƒ—ã®ã‚µãƒãƒ¼ãƒˆ,reishi54789,"2023/03/4,jurinasuehiro,1/18,Carriekonkatsu,1/14,shiningerikafo1,2022/12/24,chirori_san,2022/12/12,coco_369_,2022/11/14,maru_u001,2022/11/7,t3zlwoCONg52AML,2022/10/21,kae4649ne,2022/7/13,kinoshita_nw",michipo5,goph_
33,ãƒ‹ãƒ¥ãƒ¼ã‚¢ãƒˆãƒ©ãƒ³ãƒ†ã‚£ã‚¹ãƒ—ãƒ­ã‚¸ã‚§ã‚¯ãƒˆ/åœ°çƒã®è§£æ”¾,axtagksz,"2023/03/8,fukazume_taro,2022/12/24,yuuymusubu,2022/12/22,yuuymusubu,2022/7/30,con6_con6_,2022/6/9,Zero58533086,yuuymusubu",Zero58533086,
34,ã‚¢ãƒ«ã‚¯ãƒˆã‚¥ãƒ«ã‚¹ã®ç›®è¦šã‚ï½ç”Ÿãã‚‹åŠ›ã‚’é¤Šã†ï½å¼•ãã“ã‚‚ã‚Šã€ã†ã¤ç—…ã€ç²¾ç¥ç—…ã€è‡ªå‚·ã€EDæ²»ç™‚ã€ä¸æ„Ÿç—‡æ”¹å–„,YmKFD72vAdwQ,"2023/03/8,matsuzakichikai,1/14,shiguree_uranai,2022/12/30,tomoya_friends7,2022/12/12,aoe_toma47,2022/11/25,k1u1mamoto,2022/11/1,yoshinari1978,2022/9/28,yocoo__k,2022/9/23,yukarin_fukugyo,nanagoro3,2022/7/15,yuzuka_tecpizza",aya_gokigen,
35,è¦³éŸ³ã‚³ãƒ¬ã‚¯ã‚·ãƒ§ãƒ³ï¼ã‚µã‚¤ã‚­ãƒƒã‚¯ã‚¨ãƒŠã‚¸ãƒ¼,FarrisftHanna,"2023/03/8,apricot_candy_a,1/14,yuka_nexwave,2022/12/27,spi_uranai01,2022/12/3,ooya_jumasy8,peetanpeetan63,2022/11/28,monaka_amatou2022/11/22,KASUGASHRINE,2022/11/14,kenkun_jinja,2022/11/7,apricot_candy_a,2022/8/10,fukufuk52988398,2022/7/30,riemann_100,2022/7/13,hanamar79700561",yama202206,
36,ç›´æ„Ÿãƒ»ç›®è¦šã‚ï¼ã‚·ãƒ´ã‚¡(Shiva)ç‘æƒ³ãƒ»è‘µ(ã‚ãŠã„ï¼‰,MandieHeiple,"2023/03/11,fukuya_online,2023/03/8,maa_dietdesu,1/21,seisei19790706,2022/12/30,Noa37365256,2022/12/12,AsagayaShinmei,2022/11/23,ynu_j3,2022/11/5,inari_fox_08,2022/9/14,yopparai_chmist,2022/8/7,Uranai_SHINKIDO,naokichi_accept,2022/7/15,pepegumi",YUJI_MZTN,
37,ã‚°ãƒ¬ãƒ¼ãƒˆã‚»ãƒ³ãƒˆãƒ©ãƒ«ã‚µãƒ³(éŠ€æ²³ã®ä¸­å¿ƒå¤ªé™½ã€å®‡å®™ã®ã‚½ãƒ¼ã‚¹)ã¨ã®ç¹‹ãŒã‚Šã‚’å¼·åŒ– 5134380728,centralsun123,"2023/03/8,joker_peaches,1/11,joker_peaches,b_aomidori,1/9,kenny_gby,1/6,koichi86645421,2022/7/5,fortune_sou",b_aomidori,
38,ã€ç¸çµã³ã®é–“ã€‘è‰¯ç¸ãƒ»çµå©šé‹ãƒ»å‡ºä¼šã„é‹ãƒ»æ‹æ„›æˆå°±ãƒ»ä»•äº‹é‹ãƒ»å¤«å©¦å††æº€ãƒ»å­å®ãƒ»äººè„ˆé‹ãƒ»é‹æ°—ä¸Šæ˜‡ï¼æ„›æŸ“æ˜ç‹çœŸ,WisdomKing21,"2023/03/8,konnakareha18da,1/11konnakareha18da,yoshiminpower,1/6,hotaka_tsukada,2022/12/12,ort100sup,2022/12/5,meidiamond,2022/11/23,333twinray,2022/11/14,sangenshabutu",yoshiminpower,
39,é«˜ã„ãƒã‚¤ãƒ–ãƒ¬ãƒ¼ã‚·ãƒ§ãƒ³ã‚’åŠ é€Ÿ,hilton15868057,"2023/03/8,aitamanegi,2022/7/13,necononegot",e_m_equipment,
40,å—ã¯ã‚‹ã‹ã€œå¥³ç¥ã®ãƒ’ãƒ¼ãƒªãƒ³ã‚°ï½,c9RZTfwQIyzU,"2023/03/8,fukufukugoma,2022/12/8,sunwindowhana,2022/12/5,kumejirouskume1,2022/11/7,sainokunihirosi,2022/10/18,NIKOchan25,kami_onmyoji,2022/10/14,miwaSiriusStone,2022/10/11,muscle_positive,2022/9/27,DsQO4LPCbFant02,2022/8/23,ayano_hinakume,tamagowomusita,2022/8/8,kinuehirokawa,2022/7/30,RedBullakabeco",kitsunesama2021,
41,ï½é éš”ãƒ’ãƒ¼ãƒªãƒ³ã‚°ã®é–“ï½,SLIlTUmT8ohL,"2023/03/8,puredesuyo,1/11,puredesuyo,apeach923,1/6,r_renaiya,2022/11/28,latina_sama,2022/10/30,siro197209,2022/10/18,jara51015077,2022/10/11,rotsurechiha",peacemooth,crystalsnow263
42,ã‚»ãƒˆç¥ ,SetoGod396,"2023/03/8,nakisyozyo,1/11,nakisyozyo,Ptaro_chan,1/9,kimie31611,2022/12/17,merciarigatou,2022/11/28,kitano_bunka,2022/11/23,J0Waq,kamihito_kotoba,2022/11/7,prana_mana",Ptaro_chan,
43,è»¢ç”Ÿç¥ç¤¾,gracedickens311,"2023/03/8,shiaweseOL,1/12,HiiDeMaRuu,2022/12/12,lkArKqLzAvYbkv5,2022/11/30,nonbiripoem,2022/11/25,IMT7c7HeuX9meQ5,2022/5/26,hana_uta_sanko,k2samemoon",shibatajun,
44,ã‚¢ã‚¹ãƒˆãƒ©ãƒ«ç•Œã®å°ãï¼é­‚ã‚’é¸åˆ¥ã™ã‚‹å¤©ä½¿ã®å­˜åœ¨,Danitapoemut,"2023/03/6,doctorsnowman05,1/12,leo_lifedesign,XwYjXvp6M1SNPNe,2022/12/7,josefu1207,2022/12/3,mai_nohon,2022/12/1,_mint1996,kaedechann3,hellwanko,2022/11/24,bettio1225,2022/11/22,kei01_biz,2022/11/14,fujinomori505,2022/11/4,Amy_Okudaira,2022/10/11,tomotake04292022/9/27,WakwakneetC,fairy109rose,2022/7/3,1957LesPaulCSB2",lookupthe_sky,Maruku_1705
45,ãƒãƒˆãƒ›ãƒ«(Hathor)è‹¥ãç¾ã—ã„æ‹äºº,Hathor174,"2023/03/8,16tea24,2022/12/30,wayu_jiyu,2022/12/12,hiro_signore,2022/11/23,KIYOHAR13911665,2022/7/30,GosyuinOmikuji",kaito_uranai,
46,å¤ªå¤ã®æç«œãƒ†ã‚£ãƒ©ãƒã‚¶ã‚¦ãƒ«ã‚¹,DinosaurTyrano,"2023/03/8,osaruproducer,1/11,hW0Dcq3fmq9EdV3,osaruproducer,1/9,SaraVisionary,2022/12/30,1200saicho,2022/12/12,hiroshisj,2022/12/10,tachi_a_gare,2022/12/5,shippin4141,2022/11/23,gassyou2,2022/10/12,takion_s",oda_vn,
47,éšå±¤ä¸–ç•Œã¸ã®å°ãï¼ç‰©è³ªç•Œã€ã‚¢ã‚¹ãƒˆãƒ©ãƒ«ç•Œã€éœŠç•Œã€ãƒ–ãƒ‡ã‚£ãƒ¼ç•Œã€ç¥ç•Œã€ã‚³ãƒ¼ã‚¶ãƒ«ç•Œã€ãƒ¢ãƒŠãƒƒãƒ‰ç•Œ,Brennatrentki5,"2023/03/8,chococo_rp,2022/11/11,maco_sns,2022/7/21,_hana_iro",fkuroyukix,
48,ã‚½ãƒ—ãƒ‡ãƒˆ(Sopdet),Sopdet174,"2023/03/8,sasahiro_lif,2022/6/15,hellwanko",cherie03870909,oda1582_revival
49,ã‚«ãƒ ãƒ†ãƒ•ç¥,KamtevGod,"2023/03/8,ADHD_O_chan,1/11,ADHD_O_chan,hiyo_101211,1/9,cocoro_hare365,2022/11/28,MessengerMizore,2022/11/7,WATA1031maryui,2022/10/30,sujinii_asset,2022/10/24,mana_desu612,MomomoM_m1,2022/7/16,DjOr9qej8SvuWoe",mocchan_design,
50,ã‚µãƒ¼ãƒ‰ã‚¢ã‚¤æ´»æ€§ï¼å¥³ç¥ãƒ»ç¥æ°£ãƒ»ï¼‘ï¼éšç´šåˆ¶è¦‡ï¼é¦™æ¾„,AmandaW03065319,"2023/03/4,asukanauyouni,kkk_cun,1/9,rainbowbirdac,2022/11/28,MuseeMagica,2022/11/14,nittan_nittan,2022/7/14,STT0358YJ",MR62440716,nanavoice222
51,æ²»ç™’ é™¤éœŠ å¥åº· à¤“à¤®à¥ ã‚¢ã‚¦ãƒ ã®ç¥ç¤¾,aumnoseisui,"1/11,miyama0309,toyolo_official,1/9,yasuhikohatta,2022/12/7,dendenhimawari,2022/11/26,yasuhikohatta,2022/9/14,aimer56687463,2022/7/18,tF0Vqo5l55BpuE7",maruko_up,AiAKIRA021077
52,ã‚»ãƒ«ã‚±ãƒˆï½œSerket,d9SWajBi,"2023/03/8,TukitoRyu1,2022/12/3,MA1YU5MI,2022/10/31,hitsuji_photos,2022/8/8,hoikude0874,2022/7/14,mocchiyinc",MayuTepe,yu_invester
53,ã‚µãƒ†ãƒˆå¥³ç¥,satisgoddess,"2022/12/8,shikigami_h,2022/10/31,co_sodatte_biz,2022/8/24,OneMoreChoice_,2022/8/9,kiiroitori2014,2022/7/30,hitori_seikou,multi_inari",zatsukuriwakaru,yulangtal
54,ã‚±ãƒ—ãƒªç¥,Kheprigod417,"2023/03/11,shibasaki_art,2023/03/6,Drmiidr,2/24,maccya_book,2/20,uranai_sasoriza,2022/11/28,adafklpp",hitosimasuhiro,akohodge
55,å·«å¥³ã‚‹ã‹ã€œç„¡å„Ÿãƒ’ãƒ¼ãƒªãƒ³ã‚°,Priestessiruka,"2022/11/28,photomappi,2022/11/3,onna_sennin,2022/7/29,ubokataFLF",kizuna_ch,utatane_nemui_
56,å®‡å®™äººãƒ—ãƒªã‚ªãƒ«,CosmosPrior,"2023/03/8,eito8eagle,2022/12/1,tyu_hanka,2022/9/6,jkbnx",CSKEx5eZhIN3qT3,
57,æ°—åŠŸå°å…¥ãƒšãƒ¼ã‚¸(é–‹é‹)@ä½œæˆè€…â†’æ˜Ÿå›£ã‚ªãƒ¡ã‚¬,Kaiun_Support,"2023/03/8,osushi365days",qpSk36g0u1zQ2Is,
58,å®‡å®™äººã‚¯ãƒ«ã‚­ã‚¹,CosmosKulkis111,"2023/03/8,matsuokamayu8",kuu_sumi,
59,å¥³ç¥ã®å¸°é‚„ãƒ’ãƒ¼ãƒªãƒ³ã‚° ğŸ¬ ã‚¤ãƒ«ã‚«,megamiHealing89,"2023/03/7,kikubaribijindo,2/20,shakekanwel,2022/7/31,so_omori,angelontree",rascompany__,akpapa_family
60,å®‡å®™äººã‚¢ãƒ«ã‚´ãƒ«,CosmosAlgol945,,ac4ljkd,hachimitsu2022
61,å®‡å®™äººãƒ ãƒ•ãƒªãƒƒãƒ‰,CosmosMuphrid,"2022/12/1,EriPureStar1212,2022/7/29,kotone7biyori",TSUBAKI90835866,magarin_niko
62,é‡‘æ˜Ÿã®è³¢äººï½äº”æ¬¡å…ƒä¸–ç•Œã§ã‚ã‚‹éœŠç•Œï½,aNQD250mVHXx,"2023/03/7,masa_counselor",buddhist_japan,meiem326
63,ãƒ–ãƒ«ãƒ¼ãƒ¬ã‚¤ã‚¹ã‚¿ãƒ¼ã‚·ãƒ¼ãƒ‰ï¼ã‚«ãƒ«ãƒŠï¼ˆæ…ˆæ‚²ã€æ…ˆæ‚²ã®è¡Œç‚ºï¼‰ã®ã‚¨ãƒãƒ«ã‚®ãƒ¼ã«ç¹‹ãŒã‚‹,kaylapaulqwvy,"2022/9/21,fortuneapp123,empty_glass15,2022/7/22,crystalray7777",namutyan,mental_0815
64,å®‡å®™äººã‚¢ãƒ«,CosmosAl289,"2023/03/3,alpha_thankyou,1/27,DangaiMisaki,2022/9/8,emmi__chan,2022/9/6,kantama3_112",ishi_ishishi,machiko_blog
65,å®‡å®™äººã‚«ã‚§ãƒªãƒ¼,cosmoskaley134,"2023/03/7,yukoegaomaker,2022/9/15,yukariATL",paranporon_,kusapooh
66,å¥³ç¥ã®å¸°é‚„ãƒ’ãƒ¼ãƒªãƒ³ã‚° âœ¨ ğŸŒ¹ï½œ ã‚¤ãƒ«ã‚« ğŸ¬,megamihealing,"2/16,Framboise_305,2022/12/29,yamotomahiro,2022/12/8,EQNWEjWWoYq0Gxk,2022/10/31,sanrin_hikiyose,2022/9/5,astrogeometry",mitsuya_0903,DJ_aoi
67,ãƒ–ãƒ­ãƒƒã‚¯è§£æ”¾ï¼å¤šæ¬¡å…ƒãƒ¬ãƒ™ãƒ«ã§ã®è§£æ”¾ãƒ¯ãƒ¼ã‚¯,MaryjaneCrumf,,noravoxs,1952oyaji
68,å®‡å®™äººãƒ”ãƒ¼ã‚³ãƒƒã‚¯,CosmosPekoc,"2023/03/7,kasegu_master",yoshihama_sp_ch,sin777_24
69,å®‡å®™äººã‚«ãƒ—ãƒªã‚³ãƒ«ãƒ‹,CosmosCaprcorni,"2022/12/29,kOADXUbNAiDqBG5,2022/12/15,nao63013944,2022/10/31,nakato917725,2022/8/4,on_promethe",oyaji_yakiniku,yu_2005_0503
70,å®‡å®™äººãƒ©ãƒ ãƒ€,CosmosLamda,"2022/7/28,anrimessage",tamon_farm,rairai_happy_
71,å®‡å®™äººã‚¼ãƒ¼ã‚¿,CosmosZeta,"2022/8/8,maemuki_daisuki,2022/5/26,Ameria86922441,Naoto19751",hisurebahana_y,ShogoMiyauchi1
72,ä»™äººï½ãƒ•ã‚©ãƒ­ãƒ¼ã§ã”åˆ©ç›Šã€œRTã§é–‹é‹,CosmosProcyon55,"2023/03/7,masyumaro_ayuyu,2022/8/02,phinullempty",ringotouranai,Isseki3
73,çµ¶å¯¾é–‹é‹ãƒ»à¤…à¤‚à¤§à¤•à¤¾à¤°ï½œæ°—åŠŸãƒ»ãƒ’ãƒ¼ãƒªãƒ³ã‚°nozomiğŸ’Ÿ,nozomi_heal_,"2023/03/8,Rsld3X2I47IF9Cs,2022/9/24,purumer91428023,2022/7/30,hajimenoippo_75,YUKEN4649",moraharahana,
74,ãƒã‚¶ãƒ¼ã‚·ãƒƒãƒ—è¦šé†’ç‰¹æ®Šã‚¨ãƒãƒ«ã‚®ãƒ¼ã€œè‡ªå·±æ§‹æˆã‚¨ãƒãƒ«ã‚¸ãƒ¼ã‚¢è‡ªå¾‹çŸ¥èƒ½åŒ–ã¨ç”Ÿå‘½ç´ ç²’å­,mrddbbam,"2023/03/7,mgb1717,2022/9/4,nonoko1515,2022/9/4,Sherpa_KamoYuki,2022/7/31,daisuke12w",2opHmazhbjjHvho,eiseibunko
75,å®‡å®™äººãƒŠãƒ‡ã‚£,CosmosNady,"2023/03/7,uru_happylife,2/28,As_above_So_me,2/2,yamapirokichi1,2022/12/30,HIKARI7774,2022/12/5,maiko378378,nurse_hal,2022/11/28,shippko,2022/11/22,mana319_TAKESHI,2022/6/9,mana319_TAKESHI",mamarin00,yuitarot
76,å®‡å®™äººã‚¤ã‚ªã‚¿,CosmosIota,"2022/12/12,suruganojii,2022/12/2,fuginomiyasama,suruganojii,2022/11/17,susajinjya,2022/11/14,sayako_shrine,2022/10/14,belpia6030,2022/7/27,NtHbwy0mAcn9T5b,omikucchan,yakumaru_kun",otochan_uranai,XblIijLk69IX7CE
77,å®‡å®™äººã‚¢ãƒ«ã‚¿ã‚¤ãƒ«,cosomosaltair,"2022/8/1,TakefumiKimura",takavet1,543life
78,å®‡å®™äººã‚¯ãƒ«ã‚µ,CosmosCursa172,"2023/03/8,kiri__tsuki,2022/11/1,saori_shikisai,Bx7d8iqChNVia2b,alohalanipie_hi,2022/7/28,makomonosato",kimie31611,
79,å®‡å®™äººãƒ¦ãƒ—ã‚·ãƒ­ãƒ³2,CosmosYupsiron,"2023/03/8,SatsukiLaw,2022/12/9,TETSU_aaa,2022/7/28,Junharu3361",life_note365,
80,å®‡å®™äººãƒã‚¨ãƒ‹ãƒ¼ã‚­ã‚¹,bot71731740,"2023/03/7,kirei_huukei184,2022/12/1,whatmovemyhear1,2022/5/26,whatmovemyhear1",hiyoshitaisha,YXUIRAIH
81,æ°£åŠ›ã®å¢—å¹…ï¼ã‚½ã‚¦ãƒ«ãƒ¡ã‚¤ãƒˆã‚„ã‚¹ãƒ”ãƒƒãƒªãƒƒãƒˆã¨ã®ç¹‹ãŒã‚Šã‚’æ€ã„å‡ºã™ ãƒ»ç›´è¦³ã€æ„Ÿæ€§ã®å‘ä¸Š,SoulmatSpirit03,"2022/11/1,notetantan,2022/9/20,mei_traveller,2022/9/7,gosyuin_kana",Dgoutokuji,bozu_108
82,Î²-ã‚¨ãƒ³ãƒ‰ãƒ«ãƒ•ã‚£ãƒ³æ´»æ€§åŒ–é¤Šæˆã‚¹ã‚¯ãƒ¼ãƒ«ï¼å¤©æ‰ã®è„³æ³¢/è¨˜æ†¶åŠ›ï¼µï¼°/ã†ã¤ç—…æ²»ç™‚/è€åŒ–ã‚’é…ã‚‰ã›ã‚‹/å…ç–«ç´°èƒæ´»,goldenage963,"2023/03/7,nanachan3168",isejingu125,mattya_melon
83,å®‡å®™äººãƒ™ãƒ«ãƒ‡ãƒ©ã‚¤ãƒˆ,CosmosVeldelite,"2/28,mooboocock,2/3,shiraishi1taka",Kronos_ikemen,yutaka_account
84,å®‡å®™äººã‚·ã‚§ãƒ€ãƒ«,CosmosShedal857,"2023/03/7,new_rakuen,2022/7/29,Kazu_Prayer,carol_since1971,Mojalaki",Tatarianaster_7,nagasakikanko
85,çµ¶å¯¾é–‹é‹ãƒ»à¤°à¤¾à¤¤ï½œæ°—åŠŸãƒ»ãƒ’ãƒ¼ãƒªãƒ³ã‚°mayağŸŒ™,maya_heal_77,"2023/03/7,mj_yzf,",1059kanri,Yasuyukimatui
86,è‹«ç±³åœ°å¼ã‚³ãƒ¼ãƒãƒ³ã‚°ï½œç„¡æ–™ç›¸è«‡ã‚µãƒãƒ¼ãƒˆã‚»ãƒ³ã‚¿ãƒ¼,tomabecoach74,"2023/03/7,Y4aWi,2022/10/4,yonepi358",LzMIWkhf9GpDvJX,earn369
87,ã‚¢ãƒˆãƒ©ãƒ³ãƒ†ã‚£ã‚¹å°å°è§£é™¤ã¨ãƒˆãƒ©ã‚¦ãƒã®ç™’ã—ãƒ»èƒ½åŠ›é–‹ç™º,toprunner5577,"2/24,lito_leafart,2022/9/17,no_idea_akira_m",takeo8888,you_sns_eigyo
88,ã‚¿ã‚¦ã‚¨ãƒ¬ãƒˆï½œTawaret,Tawaret21a31,"2/20,3Bo6iY3pdLOHvMl,2022/8/2,ZPXg3De1KZP3O9g,2022/7/30,xrBY5gsRJXZEUh5",marke_advertise,arakihisako
89,å®‡å®™äººãƒ ãƒ«ã‚¸ãƒ ,CosmosMuljim,"2023/03/7,InshokukenZen,2022/12/17,taromyoo,2022/12/13,nogijinja_miko,2022/12/1,iizuka_reibay,MoonCrusader,2022/11/28,supporter_heart,2022/8/18,mamys0528,140words_recipe,2022/8/9,mamys0528,2022/8/4,hiyori2020101,2022/7/14,9dUdCpuAqFwYAL",ochans17172525,kmotohiro
90,å¯¾ç•°æ€§çš„ãªé­…åŠ›å¢—å¼·,H7dfUZfL,"2/24,raisusarada",Vn7rfILsHyD3gCu,tani_46_chr
91,å®‡å®™äººã‚µãƒ‰ãƒ«,CosmosSadr258,"2023/03/8,Lookintothebox,2022/7/31,poo35466865",airi523ykf56,
92,ã‚¤ãƒ“ã‚¹,ibis396,"2023/03/8,ReiTS14,2022/12/24,thistlebluemoon,2022/12/7,gosyuintaro,2022/10/24,hagi880,2022/10/19,mizuame__photo,2022/8/18,waonm07",oofunakannonji,
93,Brain IQ10å…†ã‚¨ãƒãƒ«ã‚®ãƒ¼æ°¸ä¹…ç‰ˆã€‚ä¸€ç”Ÿä½•åº¦ã§ã‚‚å—ã‘å–ã‚Œã‚‹,iq10trillion000,,onnajite,EZJapanese
94,å®‡å®™äººã‚¢ãƒ«ãƒ•ã‚¡,CosmosAlpha283,,matsueri1,ashbrown1177
95,çµ¶å¯¾é–‹é‹ãƒ»à¤†à¤•à¤¾à¤¶ï½œæ°—åŠŸãƒ»ãƒ’ãƒ¼ãƒªãƒ³ã‚°aoiâ˜„,aoi_heal_,"2023/03/7,JsVgjPCXsP2e3GR,2/28,blumen8783,2/10,kazu_free116,2022/12/8,koji_counselor,yusuke_urakami,2022/12/5,KAZUNAGOYA2,enge_konnan,2022/11/24,3moc6chiy9,2022/11/16,mai__freelance,2022/8/18,mk19900107,2022/7/30,cohiroooocohiro,mogumoguwwjk777,ifjXo6O0xE040ve",tapdepoipoi,kogaranatenpa_y
96,å¯Œã®å™¨ï¼æ‰“å‡ºã®å°æ§Œãƒ»å¯Œã®æ‰‰ãƒ—ãƒ­ã‚°ãƒ©ãƒ ,MTalont,"2022/9/18,mywordbasic,2022/9/15,WAVEOFLOVEFOR,2022/8/1,vKPo0VMsy1dLcqC,Yukky_2727,tamako_soku,",SH0124g,TheFlowRin
97,å®‡å®™äººãƒ©ãƒ´,cosmosloves131,"2023/03/7,memo5paper",hisuishimao,pua_sanji
98,å®‡å®™äººã‚¨ãƒ©ã‚»ãƒ‰,bot63469043,"2023/03/7,bonchi0303,2022/8/02,HSP33966126",568IQRApwn48kR3,omairichannel
99,å®‡å®™äººãƒ´ã‚§ãƒ¼ãƒ­ãƒ«ãƒ ,CosmosVelorum,"2023/03/7,hukushima_tomio,2022/12/5,senryuyama,0088_shin,2022/11/22,hossymemo",monmi_dayo,moon666Younyan
100,å®‡å®™äººã‚¯ãƒ©ãƒ†ãƒªã‚¹,CosmosCrater63,"2022/7/13,neontetora555",AwakenedJapane2,e_photo_studio
101,å®‡å®™äººã‚µã‚®ãƒƒã‚¿ãƒªãƒ¼,CosmosSagitarii,"2023/03/7,keika_mia,2022/9/16,0707Miyama11011,2022/9/16,teraoka_ganzan,2022/9/8,NjXFI343s9SzE3d,2022/7/28,wakannnaindesun",levinassien,OCSupertones
102,å®‡å®™äººã‚°ãƒ­ã‚·ãƒ¥ãƒ©,CosmosGro658,"2023/03/7,KashimaMashiko,2022/11/1,megumu09418486,ujikeshuta,2022/10/10,Caferoseclair,2022/10/7,ujikeshuta,2022/9/24,megumu09418486,2022/7/23,nsPHpUeM3jnlTD6,pipapipa_himori,fODxjjbnlquab0p",daicho_polaris,mita3_
103,å®‡å®™äººã‚¢ãƒ«ãƒ˜ãƒŠ,CosmosAlhena735,"2023/03/8,SpiritLuca8,2022/8/02,waikenjoy2",umibouzu67,
104,è¶…æƒ…å ±å ´é«˜æ¬¡ãƒ ãƒ‰ãƒ©ãƒ¼ã¨ã‚°ãƒ­ãƒ¼ãƒãƒ«ã‚¿ãƒ³ãƒˆãƒ©ã®åŒ…æ‘‚,B0CVr1mU,"2023/03/8,harutouranai",suiheisen,
105,çµ¶å¯¾é–‹é‹ãƒ»à¤œà¤²ï½œæ°—åŠŸãƒ»ãƒ’ãƒ¼ãƒªãƒ³ã‚°suzuğŸ’§,suzu_heal_,"2023/03/8,plumyogamat,2022/9/26,maiko_otsu,2022/9/7,realuspi,2022/7/30,yuripon0723",gigamaru10,
106,FullDisclosureï½œç´°èƒã‚’ä¿®å¾© è¨˜æ†¶åŠ›ï¼µï¼° æ¾æœä½“ã‚’æ´»æ€§ ãƒ¡ãƒ©ãƒˆãƒ‹ãƒ³åˆ†æ³Œ è€åŒ–é˜²æ­¢,J3WmySwOEXPi,"2023/03/7,_miwa_akihiro,2022/12/5,kanaoda74,2022/11/14,sa0choco",shironeko_7para,hirokim21
107,ç¥æ°£ï¼å…¨ãƒãƒ£ã‚¯ãƒ©æ´»æ€§ï¼ç‰¹æ®Šã‚¨ãƒãƒ«ã‚®ãƒ¼ï½œå¿ƒé¦™ ãƒªã‚ª,shinkichakra,"2023/03/7,hanacotoba_jp,2022/12/2,2QiyjN5eBLyZpzd,HkniTPWgoBo4l53,2022/11/22,mihokopoco,2022/11/22,kiko3305,2022/7/28,louis_is_______",FxRumasan,2no2no06170515
108,å®‡å®™äººã‚¸ãƒ«ã‚³ãƒ³,CosmosGircon,"2023/03/8,10hyou,2/20,omikan_ka_san,2022/12/29,take58022012022/10/5,momo_7197178",mei3_biz,
109,ãƒãƒ£ã‚¯ãƒ©ãƒ•ãƒ©ãƒƒã‚·ãƒ¥ï¼ãƒãƒ£ã‚¯ãƒ©æ´»æ€§åŒ–,X7lYc3pW,"2023/03/7,manarinsakura,2022/11/29,YMLL1q9Ez3gCm8f,2022/9/7,freelance_yasu",grossherzigkeit,mekasetsuko
110,æµå·ãƒ«ã‚¤ï½œï¼•æ¬¡å…ƒãƒ’ãƒ¼ãƒªãƒ³ã‚°,WqBb8IoA,"2022/8/12,masamasamabo,339first,2022/7/3,shizuka_niimi",yurika10311,gedokuyuko
111,å®‡å®™äººã‚¢ã‚±ãƒ«ãƒŠãƒ«,bot81513468,"2023/03/8,sakuranotabi,2022/9/7,soyokaze_2",aurora1617510,
112,ã‚¢ãƒ³ãƒ‰ãƒ­ãƒ¡ãƒ€ï¼ANDROMEDA,bJdSU7GU,"2023/03/8,QueenARZ,2022/8/3,hiro_meditation",yama_hsshsp,
113,å®‡å®™äººãƒãƒ©ãƒªã‚¹,CosmosPoralis,"2023/03/7,wotakumame,2022/9/4,seiseisei_11",F_maruP,wotakumame
114,å®‡å®™äººãƒŸãƒãƒªã‚¹,Cosmosmino222,"2023/03/7,yuiphoto2,2022/7/29,kenken0019",ln2119,azusagakuyuki
115,ã‚²ãƒ–ç¥,Gebgod852,"2023/03/8,sakurayuki_18,2/16,yukitomorinokoe,2022/10/8,haruna3369",seitarouletitbe,
116,å¤šæ¬¡å…ƒã‚¨ãƒãƒ«ã‚®ãƒ¼ã€œSekhemï¼ˆã‚»ã‚¤ã‚­ãƒ ï¼‰ï½,wqUjFCWsXqi7,"2023/03/7,yukinoko811,2022/9/6,s_u_2525,2022/9/6,IkukoiB,2022/8/02,njApKekhi8Hjp1R",Yuichi_Hosoya,gajumaruu_s
117,ã€å¯†æ•™è„³é–‹çœ¼ã€‘ãªãªã¿ï½œç¾å®¹ãƒ»çµå©šãƒ»æ‹æ„› à¤“à¤®à¥ï¼ãƒãƒ£ãƒ³ã‚¹å¼•ãå¯„ã›,Gb7qW,"2023/03/8,ohitorisamansaa,2022/8/1,Style29429708,hirohiro417",makirinn222,
118,å®‡å®™äººãƒ—ãƒ©ãƒ ,cosmosplum1,"2023/03/7,RanRan358,2/24,ForestStoryTime,2022/12/21,finewezar,2022/9/17,yukimusi1809,2022/9/6,rika0305rikisan",hi_hirotodayo,koyo_my
119,ãƒ™ãƒ†ãƒ«ã‚®ã‚¦ã‚¹ã‹ã‚‰è¬ã®é‡åŠ›æ³¢ï¼ ã†ã¤ç—…æ²»ç™‚ ãƒã‚¤ãƒŠã‚¹ã®æ„Ÿæƒ…ã‚’æ¶ˆã—å»ã‚Šã€ææ€–å¿ƒã€ãƒˆãƒ©ã‚¦ãƒã‹ã‚‰è§£æ”¾ã™ã‚‹,alinatiptonce2,"2023/03/4,jinjasandou,2022/11/3,esd5F310MOpF7y8,2022/11/1,Freynya_Katoh,2022/7/23,kobaheart0927",sunsunrainbow,ken_life_change
120,å®‡å®™äººãƒŸã‚¶ãƒ¼ãƒ«,cosmosmizar1,"2022/11/29,shiki3u",climacophorasid,Mayu_0chan
121,å®‡å®™äººãƒŠã‚·ãƒ¥,CosmosMajor397,"2023/03/7,VS7msFbctBNdksq,2022/11/1,OgVZEBsIElrOpEr,2022/9/29,liam1noel7",writer_kaya,sakone_shogen
122,çµ¶å¯¾é–‹é‹ãƒ»à¤†à¤°à¤¾à¤®ï½œæ°—åŠŸãƒ»ãƒ’ãƒ¼ãƒªãƒ³ã‚°asukağŸ˜Œ,asuka_heal_,"2023/03/7,DrYumekuiBaku,2022/9/14,hacchin1234",yujiscope,ZP796sXrxBciicw
123,çµ¶å¯¾å¥‡è·¡ã®é–“ï¼ç¥ç§˜çš„ãªä½“é¨“ éå»ã®ç½ªã€ææ€–ã‹ã‚‰ã®è§£æ”¾ã€‚,zettaikiseki,"2/28,mimineko_0406,2022/12/21,eboli_ef,2022/12/20,mimineko_0406,2022/12/5,kpwozvnIN6RDhpJ,2022/11/26,iAqvCfK9EOr3jJl,2022/11/14,makiko_photo,2022/10/1,shironekomofumo,2022/9/3,jinjabukkaku,2022/8/30,soccer991,2022/7/13,GxGGjjJl0VNh2e8",kanzakimomoko,pri70892395
124,çµ¶å¯¾é–‹é‹ãƒ»à¤¸à¤šï½œæ°—åŠŸãƒ»ãƒ’ãƒ¼ãƒªãƒ³ã‚°manamiğŸª,manami_heal_,"2023/03/7,ByvrgO,2/20,1sq629IIVHMFTB8,2022/12/12023/03/kamiyamihoko,2022/11/10,koufukusanbou,2022/11/7,smith51350,2022/10/29,tamachan_1218,2022/10/21,tukikageshizuru,2022/10/11,he_greater_i2022/8/12,naoji28naoji,2022/8/4,HNfY3MAvTut5D5c,hanpen_tarot,2151_chan,2022/7/30,gosyuintaro,okapiii01,2151_chan,2022/6/6,bokuwatashi1,Elf_Spirita",renaireikan,yuyu_pakupaku
125,ãƒŸãƒ³(Min),Hegcousnf465,"2023/03/7,QdAf0l,2022/7/31,aikouyuyu,Qvbt9zpODnGP9ga",66db8x10,light_moon_7777
126,Stone ãƒ˜ãƒ«ãƒ¡ã‚¹éŒ¬é‡‘è¡“é‡‘é‹ã‚¨ãƒãƒ«ã‚®ãƒ¼ã€‚æœ€å¼·é‡‘é‹,stonehermes1,"2/10,widebrightstar,2022/12/17,distance_rino,2022/12/5,4nxv8H7SpyRJVJT,2022/10/29,JinjyaTamada,2022/10/15,setuna7rest,Dmick4R,2022/10/7,ryuji_affiliate,2022/9/12,chokki_hansei,2022/9/8,AyanoFortune,utsubo_u2bo,2022/8/12,COCO84998706,2022/6/9,COCO84998706",kaychan2525,shin99419
127,Dr.ä¼Šå‹¢è°·ã€œã‚³ã‚¹ãƒ¡ãƒ†ã‚£ãƒƒã‚¯ãƒ’ãƒ¼ãƒªãƒ³ã‚°ï½,97Pxj4MyoMH3,"2022/12/26,hukuen_megami,2022/12/16,takeda_bishi,2022/12/7,nj4a7Eb7pGAGHm7,2022/11/14,nyankomisaki",mihotoke_chan,izuena11
128,å®‡å®™äººãƒ€ãƒŠãƒ–,hashtagsjp2,"2023/03/7,PdoctorTomy,2022/7/29,narityx",nipponkairagi,North_ern2
129,å®‡å®™äººãƒãƒŠãƒˆ,CosmosBanat156,"2/20,rei0627_a6400,2/13,lovekrtekajezek,2022/12/20,rei0627_a6400,2022/9/6,kei_bookagu8,2022/9/6,AyumuSales",Aosaki_0826,mkestyar
130,å¿«çœ ï¼ç¾å®¹æ°—åŠŸ,rXmENK3T,"2023/03/7,amagami_garden,2/4,yokoyanenn,1/31,miyoshi_koufuku,2022/12/12,satoru_coaching,2022/12/9,jp3dxz,IUwa51,2022/8/1,TENmamoruKOU",sayaka_merry,Cristoforou
131,ãƒãƒ•ãƒ†ã‚£ã‚¹ï½œNepthys,ra6pcmfF,"2023/03/7,nagare_aotsuki,2/10,shimizumari,2022/12/12,sps03210301ayk,2022/12/7,OUBAhLURUBr9YSq,2022/11/19,ogu_hachiman,2022/11/11,ojisansuhi,2022/11/7,syamantaka,2022/10/24,dp_9c8,2022/10/11,bahtwi_,2022/9/8,htma1102,_mina_037,2022/9/6,sukoyaka_yaby,2022/7/28,anmitsu_nurse,2022/7/14,Raw_LangDaoming,time720",afila_sns,6SYAKU_HOUSHI
132,å®‡å®™äººã‚¢ãƒ€ãƒ•ã‚§ãƒ©,CosmosAdhafera5,"2023/03/7,TeacherhaGreat,2022/10/5,KNa_Tamaro",AsanagiYasukuni,Toy__e
133,ã‚´ãƒ¼ãƒ«ãƒ‰ãƒ¬ã‚¤ã‚­ãƒ—ãƒ­ã‚°ãƒ©ãƒ ï½œà¤“à¤®à¥,cpmndzus,"2023/03/7,sps823n",Sorara1212,takako39a
134,ãƒ­ãƒƒã‚¸(LODGE),Lodge6673,"2/24,genbondo1008,2022/11/29,_mana_oneesan,Ninna_ji",take2013041,sora_snsm
135,ã‚»ãƒˆ(Seth)è’ã¶ã‚‹ç ‚æ¼ ã®ç¥,sethmac21172,,Maymei5555,kihonokasi
136,ç‰åŸã®ãˆã‚‹ï½œå—ã‘ãªã„ã¨è‹¦ã—ã‚€é»„é‡‘ã®ãƒ’ãƒ¼ãƒªãƒ³ã‚°,Y7YOB6OxgWQa,"2023/03/7,solaritaservice",sinnosan1123,seirei_aki
137,ã‚¢ãƒãƒ”ã‚¹,Apopis68,"2022/8/8,horsesthelights,Homie00980015",dr_catwhisker,higuchimasakazu
138,å®‡å®™äººã‚¢ã‚¯ã‚£ãƒ©ã‚§,CosmosAquilae31,"2023/03/8,komorebi_daiki,2022/7/31,wQ68I63TqMJ8s3K",FactoryLuna,
139,å®‡å®™äººãƒ‹ãƒ£ãƒ¼ãƒˆ,CosmosNiyat,"2023/03/7,anmaro_yumochi",daijapan,tachibanahime07
140,ã‚¸ãƒ¥ãƒ¯ãƒ«ã‚¯ãƒ¼ãƒ«ãƒ¬ã‚¤DJWHAL KHUL RAY,vr3um6sK,"2/4,kaori_odoru,2022/12/1,lisaco7567,2022/10/27,Sinitai_zamurai",goshinbokupower,mamislow
141,à¤“à¤®à¥ é–‹é‹ç¥ç¤¾ã€œé™¤éœŠ é™¤éœŠ ãŠç¥“ã„,sananda174,"2023/03/7,bashi_kurume,2022/7/30,High_color_san_,michihi2222",gyozanohitodesu,shika_hsp
142,å®‡å®™äººãƒ€ãƒ“ãƒ¼,CosmosOrions438,"2022/8/11,AjahnChahBot",taka1009jpgr,SUSERIBIME1201
143,å®‡å®™äººãƒ™ãƒªãƒ«,CosmosBeril,"2022/11/28,misiru_",rasiicu_,toshibunbun
144,å®‡å®™äººã‚¢ãƒ«ãƒ©,CosmosAlula634,"2023/03/8,coorai1973,2022/7/30,Hkazuchan",lark04101,
145,ç¬¬ï¼–ãƒãƒ£ã‚¯ãƒ©è¦šé†’ã‚µãƒãƒ¼ãƒˆã‚µãƒ­ãƒ³ï½ç¬¬ä¸‰ã®ç›®ã‚’æ´»æ€§åŒ–ã™ã‚‹ï½ å®‡å®™æ„è­˜/ç›´è¦³åŠ›/ç¬¬å…­æ„Ÿ/è¨˜æ†¶åŠ›/æˆåŠŸ,bot83507815,"2023/03/7,masayachiba",matsukichi3636,moririnlabo
146,å®‡å®™äººã‚»ãƒ³ã‚¹,CosmosSense,"2023/03/8,Haruka_Clear",so370gf,
147,ç¸çµã³ãƒ»ç¸åˆ‡ã‚Š,Matchmaking123,,w3SiHRMgXh2Pt8e,pakuchaaa_
148,å®‡å®™äººã‚·ã‚§ãƒªã‚¢ã‚¯,CosmosShelly963,"2023/03/7,saiyoking",7kg3g5a4JO1l0Y8,queen_tomo3
149,å®‡å®™äººã‚·ã‚°ãƒ,CosmosShigu922,"2022/11/1,tstaroturanai,2022/9/17,Hi_DesignFocus,2022/9/7,Sen_taku_yasan,2022/9/6,GsinOyaji,2022/8/02,kagshuntravel",zikatu1,TravelFamilyPal
150,å®‡å®™äººãƒ‰ãƒ©ãƒ¼ãƒ‰ã‚¥ã‚¹,cosmosdorados,"2023/03/8,uranai_kanizaa,2022/9/25,urara_hoshii,2022/9/20,ao_kawakami,2022/9/14,ryoka_sei,2022/9/6,Kazuto_mmm2022/7/30,i12051205,y92953732",adhdsavetheplan,
151,å®‡å®™äººãƒ•ãƒ«ã‚ªãƒ©ã‚¤ãƒˆ,Cosmosflu269,"2023/03/7,nanagoro_rhbr,2022/12/2,gShPgGNoooFEXA2,2022/11/18,hsshspKako,2022/11/16,Mr_Scary_1224,2022/10/13,Stm_Artaroma,2022/8/8,sekai___fukei",hs8w10,suzu0358
152,å®‡å®™äººã‚¤ãƒ³ãƒ‡ã‚£,CosmosIndy,"2023/03/7,358Calcifer,1/9,partnership_jp,2022/7/28,castlecapacity,nekodama09,cheetaro32022/7/13,torinojin21",y_k_h_706,k_fortune_
153,DNAãƒ¬ã‚¤ã‚­,DT7jqoDN,"2022/12/3,choshiryo,2022/11/19,nagiseikatu",mar_snaps,Trans_Blue0630
154,åƒã‹ãªãã¦è‰¯ã„ä¸–ç•Œã‚’å®Ÿç¾ã™ã‚‹ï¼ æ„è­˜ã‚’æ‹¡å¤§ã•ã›å›ºå®šè¦³å¿µã‹ã‚‰ã®è„±å‡ºã€è‡ªåˆ†ã‚’å¤‰ãˆã‚‹ã€ç„¡é™ã®å¯èƒ½æ€§,evettemeadezq5,"2023/03/7,nikoniko_panda3,2022/10/13,takayukitako,jansuka1",ninomiyajinjya,rknote_
155,å®‡å®™äººã‚¦ãƒ«ã‚µã‚§,CosmosUrsae512,"2023/03/7,Utuhare9,2022/8/8,aaaa836837393",yoshikatsu_taka,chocolat_psyder
156,å®‡å®™äººãƒãƒƒã‚µãƒ¼ãƒ¬,BOT13375570,"2022/7/30,macchin1031",osushi365days,kuro96_sns
157,å®‡å®™äººãƒ•ã‚§ã‚¯ãƒ€,CosmosFekda,"2023/03/7,NumberLily,2022/12/12,KITAMUKIJIZO,kamiyahealing,2022/10/29,R1_detective",kanon_makelove,25aihime25
158,çµ¶å¯¾é–‹é‹ãƒ»à¤•à¤¿à¤¸à¥à¤®à¤¤ï½œæ°—åŠŸãƒ»ãƒ’ãƒ¼ãƒªãƒ³ã‚°miyoğŸ‡,miyo_heal_,"2/20,ynrWH6dtyJvGF20,2022/10/19,shironeko_11_22,2022/10/19,Loux20211003,2022/7/23,5ncz8wts6OvzGNn,tatyan11111",Mrt_newacca,fu_kyu_
159,ã€çœ ã‚ŠãªãŒã‚‰ã€‘ç„¡é™ã«å¯Œã‚’å¼•ãå¯„ã›ã‚‹è©±ç¥ã€…ã®é›†ã„,sarahencef,"1/30,Junpy358,2022/8/30,masa_sunset,2022/8/25,ssc_rm,2022/8/12,hirano_happy,ma___gocoro,ssc_rm,2022/7/28,yukimorinokuma,Nagahara1018,2022/7/14,RikoColor220436",OTakocyan,oniwaneko
160,ã‚»ã‚¯ãƒ¡ãƒˆï½œSekhmet,ngaKh7Wb,"2023/03/7,yurie7788,2022/7/26,zibunwosukiniA",pilgrim0721,lovehealingch
161,ã‚µãƒ³ã‚¸ã‚§ãƒ«ãƒãƒ³ãƒ¬ã‚¤ï¼ˆã‚»ãƒ³ãƒˆã‚¸ãƒ£ãƒ¼ãƒ¡ã‚¤ãƒ³ãƒ¬ã‚¤ï¼‰ï¼SAINT GERMAIN RAY,PpkBb0KZ,"2023/03/7,HNcsfp,2/16,acky_happy,2022/12/9,takubomay,towa_lms_,2022/10/17,orange2210_libe,asakusajinja,2022/10/15,XRktJy1YSirGexr,2022/8/12,mahounokikikata,psypsytuki,2022/7/28,watanabiman,gandhi_house",nanase_free7,djaoi
162,å®‡å®™äººã‚µãƒ€ã‚¯ãƒ“ã‚¢,CosmosSadaku64,"2023/03/8,kayochan8888",manarinsakura,
163,å®‡å®™äººã‚¨ãƒ¼ã‚¿,CosmosEta913,"2023/03/7,ring6565",yod_blog,asuka_uranai3
164,ã‚¯ãƒ³ãƒ€ãƒªãƒ¼ãƒ‹ï¼ ãƒ¬ã‚¤ã‚­ãƒ–ãƒ¼ã‚¹ã‚¿ãƒ¼,BMcginniqw014,"2023/03/8,nanami2go,2/20,ryohin_jp,2/13,pA2rv7F9advpQLr",yumi_sns1002,
165,é™¤éœŠãƒ»æµ„éœŠãƒ»à¤“à¤®à¥ï¼å¥‡è·¡ã®ç¥ç¤¾,Jennife52321867,"2/28,mofmof_biz,2022/12/10,PEhwuhVL3oHNQQu,2022/11/22,masamune_free,2022/8/29,fumika33113376,2022/8/13,mentalcoachaoto,miwa_3739,2022/8/11,ctzWibayy2RQtJN,2022/7/28,eshunshomyoji",spihealing,tyuppi0
166,ã‚¦ãƒ—ã‚¦ãƒ¯ãƒˆ,Wepwawet741,"2023/03/4,Kana99letsgo,1/21,romajunko123,2022/12/26,Purrinnnnnyanko,2022/12/12,k_tamago_power,2022/11/14,Lunato_cat,2022/10/8,1996sayu229,2022/9/17,hanakija38,2022/9/12,hukuen_kiriko",tarotmitarou,_Gold_Requiem
167,å®‡å®™äººãƒã‚¦ãƒˆ,CosmosHaut,"2023/03/7,daikokuusagisan,2/24,kato_taizo,2022/7/29,kenken_uranai",Nanaio627,okabe_tetsuro
168,å®‡å®™äººãƒ¦ãƒ¼ãƒ¬ãƒƒã‚¯,CosmosEurek,"2023/03/7,aogakusei_,2/24,arai_LD,2022/9/6,lulai_lune",Rika_Ida07,rina34_business
169,éœŠè¦–ãƒ»åƒé‡Œçœ¼ãƒ»ç¥äº‹ï¼å¤©æˆã¿ã‚Œã„,birch_lined,"2023/03/7,fy6sdgx7AGH6AHg,2022/12/10,yamato_3312st,2022/10/29,kanagawa_Aki,2022/10/17,GreatCornMan,2022/8/1,Nick29291118,2022/7/24,SATSU_MA_IMO",no0point,PQR14
170,ç•°æ¬¡å…ƒä¸–ç•Œã‚’çŸ¥è¦šã€œå¤©çœ¼ç¥ç¤¾ï½,VFj1CEXCMwjt,"2023/03/7,snow3999,2/10,1129bruce,2022/10/31,kurihara1975",axis358yas,Maku_ring
171,å®‡å®™äººã‚¹ãƒ¯ãƒ­ã‚­ãƒ³,CosmosSuwalokin,"2023/03/4,cafelattelike1,2022/9/24,zbWKZT9eo2jBqGI,2022/7/27,chickeneater85",lenormandChiKA,kotohanohondana
172,å¼•ãå¯„ã›ãƒ©ã‚¤ãƒˆãƒ¯ãƒ¼ã‚«ãƒ¼ayumiï¼æœ›ã‚€äººç”Ÿã‚’å‰µé€ ã™ã‚‹åŠ›ã‚’å¾—ã‚‹ å¹¸é‹ã‚’å¼•ãå¯„ã›ã‚‹ å¼•ãå¯„ã›ã®æ³•å‰‡,DFlandr,"2023/03/7,mlqc77q,2022/7/30,ichigoame3333,2022/7/24,PzhZ7zR8UHW3aUl",ohiruneol_,ruri_yokuko
173,ã‚¿ã‚­ã‚ªãƒ³ãƒã‚¹ã‚¿ãƒ¼ï¼ãƒ¬ãƒ™ãƒ«ï¼™ä¼æˆ,DowninBrianne,"2022/11/11,nyaopon55",kamisinmeitenso,hisako_aoibara
174,å®‡å®™äººã‚¢ãƒ«ã‚«ãƒ–,CosmosArkab,"2023/03/8,_pryo_,2/20,jyoukouin,2022/10/29,chijimi2021,2022/8/10,Shindo21557572,2022/8/3,asitanodeai,2022/7/22,hikikomoridas",keyplayers,
175,ã‚±ãƒ‡ã‚·ãƒ¥å¥³ç¥,KedeshGoddess,"2023/03/7,taa_no_nichijo",tonomuseum,todaiji
176,å¤©ä½¿ã‹ã‚‰ã®è´ˆã‚Šç‰©ï½œç„¡å„Ÿãƒ’ãƒ¼ãƒªãƒ³ã‚°,dVWwnddkew6587,"2023/03/7,58atsushi0426,2/20,lkArKqLzAvYbkv5,2022/7/27,dokutyandaaaaa",jungo_FanMarke,burubur56030897
177,ãƒ›ãƒ«ã‚¹(Horus),Horus96341,"2023/03/7,703_anny,2022/12/12,gyokulan3333,6vhat18z5vlsk1J,2022/9/17,efcharisto3,2022/9/8,tempanda_jp,2022/7/31,yuiiro95",koyotoi,saya_CRO
178,ã‚ªã‚·ãƒªã‚¹(Osiris)æ­»å¾Œã®å†ç”Ÿã¨ç”Ÿå‘½ã‚’è±¡å¾´,VIVA87884751,"2022/11/24,twi_jinjya_,2022/10/19,Casper95259831",anzumaron_twit,fukugyou00
179,å®‡å®™äººã‚°ãƒ©ãƒ•ã‚£ã‚¢ã‚¹,CosmosGraffias,"2/20,yusan26180810,2022/9/24,riku_dct,2022/9/3,noachann__oO,2022/7/31,yauyuism",FishAncient,mido_jigyo
180,å®‡å®™äººãƒ«ã‚¯ãƒãƒ¼,cosmoslukbar,"2/20,heartblog1120	gori_biz,2022/7/31,Os__0114",HL82694895,liliy_hsp_free
181,å¯†æ•™æ°—åŠŸï½œä¸ƒç¦ç¥ã®çµ¶å¯¾é‡‘é‹ï¼ãƒãƒ£ã‚¯ãƒ©ãƒ•ãƒ©ãƒƒã‚·ãƒ¥ï½ç”˜ç¾æ¸¡akiï¼ˆã‹ã‚“ã¿ã©ã‚ãï¼‰ï½,OjVRjChR7bIq,"2023/03/7,ytnm_3121,2022/12/29,cyabbgb,2022/12/10,datdweet,2022/11/24,Rin_sakiyama,2022/7/30,FlagoraNakayama,kairi0_0x",ken2_buppan,yuki_money_con
182,"ã‚¹ã‚¿ãƒ¼ã‚·ãƒ¼ãƒ‰å¤¢é¦™ï½œäººé–“çš„é­…åŠ›ã‚’é«˜ã‚äººã‚’æƒ¹ãã¤ã‘ã‚‹,è‰¯å¥½ãªäººé–“é–¢ä¿‚,å¹¸é‹,å‰µé€ æ€§ã®è§£æ”¾,ã†ã¤ç—…æ²»ç™‚",missycrockettny,"2023/03/7,goruvictoria,2022/11/22,Yuiphoto888,2022/11/14,tabestation,2022/7/23,iiaamtmk,oden_biz,wasurenagusa_28",DaysTurtle,pokari_chan_
183,å®‡å®™äººã‚²ãƒ«,CosmosGelyn85,"2023/03/7,kotohanoko,2022/9/3,Masazou21791588,2022/9/3,dokuoyakaidoku,2022/7/31,Rio_0728co",MPpBipKLS5QZ21L,ReikaSpiritual
184,å®‡å®™äººãƒ•ãƒªãƒ¼,CosmosFree141,"2023/03/7,uranai_kanizaa,2022/9/23,roadside_flower,2022/9/12,kazu_xyz777,2022/9/6,commu_saori,2022/7/29,maimai_moon_ss",zibumitunari,kyoro_e_pl6
185,å®‡å®™äººã‚ªãƒ‘ãƒ¼ãƒ«,CosmosOpal851,"2023/03/8,mi_ji_me,2022/7/28,tninnaka",kkmslgm0226,
186,å®‡å®™äººãƒ›ãƒ¼ãƒ—,hopecosmos235,"2023/03/7,RealAsperger,2022/12/12,rirarinrin12,2022/5/26,rirarinrin12",0424kikumon,7000sal
187,ã‚¨ãƒ³ã‚¸ã‚§ãƒ«ãƒªãƒ³ã‚¯ï¼å¯Œã®é€£é–,jodimadgemldf,"2023/03/7,pentaxxx,2022/8/3,zC6LtJF6yRfsegE,nom_happy,snpp75",30B9LAYm1Kamawb,NAKED_STAFF
188,ç„¡å„Ÿãƒ’ãƒ¼ãƒªãƒ³ã‚°ï½œã‚®ãƒ£ãƒ©ã‚¯ãƒ†ã‚£ãƒƒã‚¯ãƒ»ã‚¹ãƒ¼ãƒ‘ãƒ¼ã‚¦ã‚§ãƒ¼ãƒ–,Xx2VfWgqKGiX,"2023/03/7,riko_04photo,2022/7/16,yumecoco05",okatsu0713,saso_______unko
189,ã‚¤ãƒ’ç¥,IhyGod963,"2023/03/8,loalivekily3,2022/11/28,NE6PofR1Ns35VEk,2022/11/14,heyy_ime,2022/8/6,smilepeopleinj1",treeoflife_new,
190,æœˆåï¼“ï¼ï¼ä¸‡ã¸å°ãã€œè‹«ç±³åœ°å¼ã‚³ãƒ¼ãƒãƒ³ã‚°ï½ç¥æ³•ï¼å¤ªé™½ç¥çµŒå¢ï¼ãƒã‚¹ã‚¿ãƒ¼ãƒ’ãƒ¼ãƒ©ãƒ¼ã‚ã„,m2JkYcw9PPhK,"2023/03/7,unferos,2022/12/1,smark_affiliate,2022/8/11,fortunetell_mio,2022/8/1,Lehman33339923,V8pLxRX9guWjZzR,2022/7/27,mahounana168,astromao8,shimizushiira88",Akane76888433,redpino346
191,å®‡å®™äººãƒ”ã‚¹ã‚­ã‚¦ãƒ ,CosmosPiscium72,"2023/03/7,UKIJCvL2A3BVWCO,2022/11/14,AkihiGFL2022,2022/10/24,Ichiph,2022/7/13,takeshi_zzz",aika6868,hinanottie
192,å®‡å®™äººãƒŸãƒ³ã‚«ãƒ«,CosmosMincal465,"2/28,ayaka_obara614,2/20,kaminari0429",motehenwa,yamato_122416
193,é›¶ç‚¹ã‚¨ãƒãƒ«ã‚®ãƒ¼ãƒ’ãƒ¼ãƒªãƒ³ã‚°,flag1984,"2023/03/8,toki_mental",yukio_social,
194,ãƒ¬ãƒ ãƒªã‚¢ã®å…‰ï¼å¤ªå¤äººé¡ã¯å…‰ã£ã¦ã„ãŸ,rSO7YoCLnlMed44,"2023/03/8,soraplaza,2022/12/24,gwZXezcxeeM9lki,2022/12/10,md7gjtpz,2022/7/28,flower_railway",76together,
195,å®‡å®™äººã‚¢ãƒ³ãƒˆãƒªã‚¢ã‚¨,CosmosAnt7845,"2022/8/02,chaff3sai",kuma25n,monamick30
196,ãƒ ãƒ¼ãƒ©ãƒ€ãƒ¼ãƒ©ãƒãƒ£ã‚¯ãƒ©ã®å…±é³´/é«˜å°šãªç²¾ç¥,dorenewestonny,"2023/03/7,hananichi8721,2/16,rei_zero21,2/4,CamuiAtu,1/27,Shwww9936,2022/12/1,tmaxy01,2022/11/22,kuma25n,2022/7/13,Poche77085714",kkkyonhpl,noroi777
197,å®‡å®™äººã‚¸ãƒ£ã‚¹ãƒ‘ãƒ¼,CosmosJasper021,"2023/03/8,sayakauranaishi,2022/12/15,Yura10moon,2022/7/29,purposei168",inaina2121,
198,ã‚¯ãƒŒãƒ (Khnum)ï¼ç¾Šã®é ­ã‚’æŒã¤ç¥,khnum21a,"2023/03/7,186_waterlily,2022/10/31,oriii_chance,Choro0164,2022/5/26,fuemiad,Tsurigane_mushi",Planet_Love369,nittan_nittan
199,å®‡å®™äººã‚¯ãƒªã‚½ã‚³ãƒ¼ãƒ©,CosmosKrisocola,"2023/03/8,kyoshirok1,2022/8/2,mika_l0ve4u,2022/7/30,WAXMOlP2pshEAkf",Ryuko24941520,
200,å®‡å®™äººã‚³ãƒã‚§,CosmosComae,"2022/12/10,yoshi1204no7,2022/5/26,DenTaichi",saya_CRO,DenTaichi
201,å®‡å®™äººãƒ‘ã‚¤,CosmosPai741,"2/24,uranai_uozaa,2022/10/7,necoyama_neco,2022/9/15,towa_wellbeing,2022/9/6,8Tj6NpuIfCMwEYO,2022/6/6,fu_majime66",yhmm1222,Bs_Hachi
202,é•·è°·å·ã‚Šãªã€œæµå¤©ä½¿ã®ãƒ’ãƒ¼ãƒªãƒ³ã‚°ï½,yASjI9XrWH8R,"2023/03/6,PgPyQb9700rrBCg,2022/12/30,nurse__RIZ,2022/12/24,xRX6bwQ4SSq0kvO,2022/11/30,EchigoChirimen,akaAo10276371,2022/11/26,photoayano,2022/11/11,Hnq7ip2pswibXkL,2022/10/24,sakurasorayui,2022/10/4,konohanokonoha_,2022/9/12,makku__ra4,2022/9/1,victorycobra,2022/7/30,NakamuraTenpu",shh7,momo_onnadou
203,ã‚»ã‚±ãƒ«ç¥,SekerGod,"2023/03/1,sana26820130,2022/12/5,onoterupr,kazeshrine,2022/10/21,sato00ai,2022/7/13,spibre_official",piyotan0531,IGAEMONblog_
204,çµ¶å¯¾é–‹é‹ãƒ»à¤¬à¥€à¤œï½œæ°—åŠŸãƒ»ãƒ’ãƒ¼ãƒªãƒ³ã‚°ikumiğŸŒ±,ikumi_heal_,"2023/03/7,imuryouranai,2022/10/28,Grandpa_Paradis,2022/9/30,Bexx202103312022/9/24,YMidori35,2022/9/18,Grandpa_Paradis",Nanpatoshigoto,maaaya_zzz
205,å®‡å®™äººãƒ–ãƒ¬ã‚¤ãƒ³,cosmosbrain612,"2022/8/12,fukutoku_mebuki,dr_sakamo,2022/7/26,yuttari_gogo",DaisukeEigo,200cmyk
206,å®‡å®™äººãƒˆãƒ‘ã‚¾ãƒ©ã‚¤ãƒˆ,CosmosTpazolite,"2023/03/8,uranai_itezaa,2022/9/22,km_ao_,2022/9/22,notekat,2022/9/6,YMidori35,2022/7/30,nishinishi_kun",kokoro_peaceful,
207,ã‚¢ãƒ¼ãƒ‹ãƒˆå¥³ç¥,Arnitogod,"2023/03/7dobako_hela,2022/8/12,hikari_mikity",ichihuyu911,asuka_blair
208,ãƒ©ãƒ¼(Ra)ï½œå¤ªé™½ç¥,Ra_Sungod836,"2023/03/7,ESQXeRaJCahzuk1",takehito_miya,kanazawa_shrine
209,å®‡å®™äººãƒ­ãƒ¼ãƒ‰ãƒŠã‚¤ãƒˆ,CosmosLordnite,"2023/03/8,hiraiwamikio,2/24,a55976274,2022/7/23,nrc2517,oITARmTaXP1fYOj",my96b,
210,å®‡å®™äººãƒ“ãƒƒã‚¯ã‚¹,cosmosbix1,"2023/03/8,this_is_hotoke",AtoRie_11,
211,ç¥æ°£ï¼å…¨ãƒãƒ£ã‚¯ãƒ©æ´»æ€§ï¼ç‰¹æ®Šã‚¨ãƒãƒ«ã‚®ãƒ¼ï½œå¿ƒé¦™ ãƒªã‚ª,barbara_twit65,"2023/03/7,rei10830349,2022/10/28,naosan_photo",Lady_mitsuko13,t_kuma_upbeat
212,å®‡å®™äººã‚«ãƒ¡ãƒ¼ãƒ­,particletrini52,"2023/03/8,keep_Rie_minde",keichin_life,
213,çµ¶å¯¾é–‹é‹ãƒ»à¤¤à¤¾à¤•à¤¼à¤¤ï½œæ°—åŠŸãƒ»ãƒ’ãƒ¼ãƒªãƒ³ã‚°mikuğŸŒ•,miku_heal_77,"2023/03/7,yuyuyuonsendayo,2022/9/4,yuyutasmile,2022/8/11,manatea_0121",monguchitakuya,enaw879sub
214,çµ¶å¯¾é–‹é‹ãƒ»à¤†à¤—ï½œæ°—åŠŸãƒ»ãƒ’ãƒ¼ãƒªãƒ³ã‚°tomokoğŸ”¥,tomoko_heal_,"2023/03/8,daichi_u_",ishinjirou,
215,åºƒç€¬ï¼ ãƒã‚ªãƒ’ãƒ¼ãƒ©ãƒ¼,HirosNeoHeal888,"2022/12/20,lovemailofoz,___p98,2022/9/25,sunplaze333,2022/9/22,Elimin2525,2022/7/31,hokkorikazumin,2022/7/28,hokkorikazumin",ri_ri_ri_ritan,boku_lifehack
216,å®‡å®™äººãƒ©ã‚µãƒ©ã‚¹,CosmosRasalas,"2023/03/7,tortar101,2/3,HayatoSuzuki11,2022/12/21,nglfld,2022/12/5,eharahiroyuki,2022/10/21,gomibakorecycle,2022/10/8,3289iikopug",HAJIMTE7,uenotoshogu
217,å®‡å®™äººãƒ•ã‚©ãƒ¼ãƒãƒ«,CosmosFomal157,"2023/03/7,rotsurechiha,2022/12/28,bibi81160657,2022/5/26,Langenoir_0037,takeyupapa",DaNDVp2i9V1F857,asset_deka
218,å®‡å®™äººãƒ ãƒªãƒ•ã‚§ãƒ³,Cosmosmuli45,"2023/03/7,OKITe18spiCE,2022/12/1,fzk067362022/11/27,nacorok,2022/10/23,yon4uranai,2022/10/1,mio_mioret,2022/9/8,hikariastrology,2022/9/6,hk_qe2,2022/7/31,Shusun13",koumeisyatyou,UTW12Kmckb2hWLU
219,åƒæ‰‹è¦³éŸ³ã®å¿µï¼æµ„éœŠ é–‹é‹ã€é‚ªæ°—æ‰•ã„ã€æ‹æ„›æˆå°±ã€çœŸè¨€ã‚¢ã‚¹ãƒˆãƒ©ãƒ«ãƒ†ãƒ¬ãƒãƒ¼ãƒˆ,xuckpgdr,"1/31,supire333,2022/12/21,9HZF2xSQ7B8WPLS,2022/11/11,camelliakyoto,2022/11/3,fujinohana0422,2022/9/7,IguKyo,2022/8/12,meguru_homeren,yakuyoke_kaiun,2022/7/13,DREAMER36599413",yuhi33xx,ELwUI0UFKEzIJdK
220,çµ¶å¯¾é–‹é‹ãƒ»à¤•à¥ƒà¤¤à¤œà¥à¤à¤¤à¤¾ï½œæ°—åŠŸãƒ»ãƒ’ãƒ¼ãƒªãƒ³ã‚°harukağŸ’—,haruka_heal_77,"2023/03/7,amxhrssg,2022/12/20,KONOSUBA_BLUE,2022/11/17,boardman199997,2022/10/30,higuchimasakazu,2022/9/6,katiuma889,2022/8/3,kisyo_kudoku_22,2022/8/1,ohmiya_a_photo,2022/7/13,kaiun69",hikaruganji,Aosaki_0826
221,å®‡å®™äººã‚±ãƒãƒ«ãƒ©ã‚¤,Cosmosceba117,"2023/03/7,kashima_jingu,1/27,homuraakemihomu,2022/11/14,2020kimi,2022/9/6,buddismyuta,2022/9/3,MAG__writing,2022/9/3,siawase17",hirametai,marina_merkigyo
222,ç”Ÿå‘½ç´ ç²’å­ãƒˆãƒªãƒ‹ãƒ†ã‚£å®‡å®™å ´ã¨è¶…èƒ½åŠ›æ€§å‘,CosmosKame77,"2023/03/7,EiNaka_GADHA,2022/9/3,mainichi_ugoku,2022/8/02,Gzbv0P2D73zl0i8",100nen_,ransedoukoukai
223,ãƒãƒ£ã‚¯ãƒ©ã®ç›®è¦šã‚ï¼å‰ä¸–ã®æ˜ åƒï¼å¦ƒæ°´ã­ã‚‹,chakuramezame99,"2023/03/7,hanamar79700561,2022/10/20,VieDiamant,2022/7/30,59hika",nakochinu,eki_no_mokuroku
224,å®‡å®™äººã‚«ãƒªãƒ¼ãƒŠã‚§,CosmosTure6634,"2023/03/7,patmjgdw7294385,2022/12/10,coccole_rider,2022/11/28,rikuzo7,2022/11/14,asd_munouman,issikazu20,2022/10/1,seiyasan0718",yougottafire,nishiccoli
225,å®‡å®™äººã‚«ã‚¹ãƒˆãƒ«,CosmosKastol,"2023/03/7,snykt1",mammam4049,haruyuki031
226,ã‚¤ã‚·ã‚¹å¥³ç¥,GoddessIsis528,"2023/03/6,Kizashi_S,2022/7/5,accessLabo",UiDxZvDiZ1WU1ks,pana_riman
227,çª®åœ°ã‚’å›é¿ï¼ç¥ç§˜ä½“é¨“ï¼ãƒ†ãƒ¬ãƒ‘ã‚·ãƒ¼ã®é–“,kyuchiwokaihi,"2023/03/7,yasai_datta,2/24,aisu__diet,2022/12/8,ujicyan,2022/11/8,m_yasakajinja,2022/10/29,wakakusa_inari,2022/9/2,FUKA18fuentw,cocoronicotoba,2022/8/24,EZd70,2022/8/4,totody4,2022/7/13,weWIq97qvSSReKH",eito_sns,masa_counselor
228,æ°—åŠŸå°å…¥ãƒšãƒ¼ã‚¸ã€œé¾è„ˆæ”¹å–„ã€œ Betaç‰ˆï¼ ä½œæˆè€…â†’é»„é¾(Kiryu),KiryuKFP,"2022/9/6,MIKIofLIFE,2022/9/6,choco_mnk,2022/7/31,bit_ravel",nobuyukikoseko,shitanatsu
229,ã‚±ãƒ–ãƒ•ã‚»ãƒŒãƒ•,KebufuSenuf143,"2022/12/5,sohdai_SENSAI",Influen01014380,tadanohikiniku
230,å®‡å®™äººã‚«ãƒ‹ã‚¹,CosmosCanis174,"2/28,tsuiokuno1,2/7,umibenisumitai,2022/6/9,umibenisumitai",jasmine_to8888,honeybunnieshub
231,ãƒ›ãƒ«ã‚¹ç¥ã®å¸ï¼ãƒ¡ãƒ“ã‚¦ã‚¹ã®éšæ¢¯ï¼ãƒ€ãƒ´ã‚£ãƒ³ãƒã®é–ƒå…‰,jrd4kxSanQKz,"2022/6/6,utukana_soudan,FloraCarpediem",utukana_soudan,FloraCarpediem
232,å®‡å®™äººã‚¨ãƒƒã‚¸,EdgeCosmos253,"2/16,yoshioka1632,2022/12/12,capri_classica,2022/12/2,TakeUshiku,2022/10/24,kwai_yoo,2022/10/21,kwgt_tts,2022/10/19,Reinakasuga,kazu_bonjin,2022/8/30,piyopiyo5455,2022/8/3,zenq_factory,2022/7/30,Nonki_Peanuts,Robert_6810_",kurume_suzu,EcbX5UHTDfUHWpi
233,å®‡å®™äººãƒœãƒ¬ã‚¢ãƒªã‚¹,Cosmosroseli23,"2023/03/7,ytOotJbbQWZfQLr",tora_tora_free,HirokoMiyamoto7
234,å®‡å®™äººã‚¢ãƒ³ãƒ¢ãƒ©ã‚¤ãƒˆ,CosmosAmmolite,"2023/03/7,life01022909,1/9,hsp_therapist,2022/9/15,moroi_ao,Shirousa_uto",04e733ee880147a,mayuyu9728
235,ï½ã‚¢ãƒ³ã‚±ãƒˆ(Anuket)ï½,axVwtEu9,"2/24,miyabi07070,2022/7/30,minnano__PAPA",lr_ikiru,moka_066
236,ç©ºã®ç†è§£ã¨ä½“å¾—,Soranorikai,"2023/03/7,miya_freelance,2022/12/10,yattarou_shingo,2022/10/1,USj06,2022/8/3,chiko030828",ayapan_0510,andore_prince
237,å®‡å®™äººãƒœãƒ¼ãƒ†ã‚£ã‚¹,CosmosBotis,"2022/8/11,penmaru_1010,2022/8/1,sasuraino_rapi,your_moon_tarot",ykm_ksn8,Aki8ma_3
238,ç¥æ°£ãƒ»å¤©çœ¼ãƒ»ç¥é€šåŠ›ï¼å¤©å†…ã‚Œã„,lagging1977S,"2023/03/7,kyoto_gooujinja,2022/12/1,Match_Books,2022/11/28,kuri_sss303,2022/7/28,amrita_tweety,hiyoko34778556,Match_Books",tokitabi_blog,koenji_hikawa
239,å®‡å®™äººã‚¨ãƒ«ã‚¿ãƒ‹ãƒ³,CosmosEtanin,"2023/03/7,kurimi758",aimin_es_,onoderablog
240,ã‚¢ãƒ³ã‚¿ãƒ¬ã‚¹ãƒ»ã‚¢ãƒ«ãƒ‡ãƒãƒ©ãƒ³ï½œANTARES / ALDEBARON,RBOT80773283,"2023/03/7,kosan_055,2022/7/28,temper_SK8,tsuyuki369,miyakouranai2022/6/9,miyakouranai",2N4mVNdiRGiGhbw,CRSpkBgM8tYkliS
241,ãƒ™ãƒ³ãƒŒï½œBennu,o1cEbnHW,"2022/12/16,ryugu_tamayori,2022/9/27,miimiistargazer,2022/9/17,PPosaune3,2022/8/17,52GoldenAge,2022/8/11,Owari7No,2022/7/26,mainichi_unsei1",uranai_shishiza,assy0209
242,å®‡å®™äººãƒãƒŠ,CosmosMana,"2022/9/6,flowerwhitesun,2022/8/3,minori_kikuhito,2022/5/26,Mei_phot0",finewezar,
243,ã‚¢ãƒŒãƒ“ã‚¹(Anubis)ï½œæ­»è€…ã®å®ˆè­·ç¥ï¼æ­»è€…ã®çœ ã‚Šã¨æ¥ä¸–ã‚’å®ˆã‚‹,AnubisGod357,"2022/9/8,deco358,2022/7/28,nuoo15gjwdg,qdNjJx76OvlNZeh",kotobakatachi,reonuranai
244,å®‡å®™äººãƒ™ã‚¬,CosmosVega,"2022/9/28,sinri_hsp",SkyOnHappy_,seisei19790706
245,ã‚¢ãƒ ãƒ ãƒˆ,ammut852,"2022/12/17,m_turedure,2022/10/21,spec024,2022/9/17,0LfFK0zoxNkWOIm,2022/9/8,moyori_35,2022/6/6,quot_drtomabech",sakura71_sakura,shinkiyoh
246,å®‡å®™äººã‚µã‚¤ãƒ•,CosmosSaiph153,"2023/03/7,mumuri7575",nobuko_boysmama,akasayiigaremus
247,å®‡å®™äººã‚¶ã‚¦ãƒ©ã‚¯,CosmosZaurak842,"2023/03/7,uranai_ohitsujj,2022/9/27,tokumei_kotoba,2022/9/16,LUGDRyfbT4eyMhN,2022/9/8,renlalala,2022/7/28,muziik73392022/6/9,renlalala",zumi__freedom,LUGDRyfbT4eyMhN
248,å®‡å®™äººãƒ¯ãƒ³ãƒã‚¹,cosmos_oneness,"2023/03/7,fortune_5906,2022/12/16,Sara11Sakura11,2022/8/02,mariaaa3210",Pluto_Te1029,mo1stmemory
249,å®‡å®™äººãƒ™ãƒ©ãƒˆãƒªã‚¯ã‚¹,CosmosVera917,"2023/2/24,musashi_soka,2022/10/26,DaiFit4,2022/9/26,kiwafuyutsuki,2022/9/7,natsu_aomori",kagekineko,ren_snsmarketer
250,ã€æ‹æ„›ãƒ»çµå©šæˆå°±ã€‘è‹«ç±³åœ°å¼èªå®šã‚³ãƒ¼ãƒï½œè™šç©ºè”µè©è–©ã®çœŸè¨€ï¼à¤“à¤®à¥ Aum(ã‚¢ã‚¦ãƒ )ï¼æ˜Ÿé‡ã‚†ã‚Š,LinaKidd18,"2023/2/20,raka56808441,2022/9/8,autumn_moon47,2022/9/7,dGMNkFT3bQeLcYs,2022/7/5,I9NI6P2Y5R8WLnv",Zu9NOVuF1QYtlCc,yukarin808
251,å®‡å®™äººãƒŸãƒ³ã‚¿ã‚«,CosmosMintaka,"2022/12/30,takeshi04031,2022/11/22,iku_kosei449,2022/11/7,utuutukuni",Naodel_201508,tomo_sedori2
252,å®‡å®™äººãƒ ãƒ‰ãƒ©,CosmosMudora,"2022/10/20,jIZcft8e3OLjclP,2022/7/13,ikeike3103",41azusayumi,__fumie0000
253,ç©ºã®åŒ…æ‘‚ è¥¿æ´‹æ±ç¥ã¨æ±æ´‹ç¸èµ·,QdVZ5MMa,"2023/03/8,shirohebijinja,2022/12/24,gororin_dararin,2022/12/12,1shinchan6,2022/11/24,goshuinchou,2022/10/31,mikkichan11one4,2022/8/25,piyo_happyoko,2022/7/26,nabe_magic",yakushiji_nara,
254,å®‡å®™äººã‚»ã‚®ãƒŒã‚¹,CosmosSeginus75,"2023/03/7,misiru43,2022/8/3,EmptyDumpty0",kitchenfarmerjp,zen_LifeHack
255,å®‡å®™äººã‚·ãƒ£ãƒ ,CosmosSham122,"2023/03/7,SeijiSabi,2022/9/7,andante_2018,2022/9/6,BluedragonMasa1,2022/7/26,challenger2003,DonationEvery",ai_m22222,nekomarukoharu
256,ç¬¬ï¼”ãƒãƒ£ã‚¯ãƒ©ã‚¨ãƒãƒ«ã‚®ãƒ¼å°å…¥ã®é–“ å‚·ã¤ã„ãŸå¿ƒã‚’ç™’ã™ å¿ƒã®ãƒ’ãƒ¼ãƒªãƒ³ã‚° å¿ƒã®å®‰å®š å¹¸ç¦æ„Ÿ ã‚«ãƒªã‚¹ãƒæ€§,GodfrwRobbin,"2022/7/28,Sakikoloveall33,2022/7/3,wy0o5",laviy_photo,merukaku
257,å®‡å®™äººãƒŸã‚¯ãƒ­ã‚¹ã‚³ãƒ”,CosmosMicroscpi,"2023/03/7,chikio_NMP,2022/12/20,yano_mktg,NKM20200921,2022/8/27,yunaburai,2022/8/23,aun1368,2022/8/12,Koikichi_K,omoi_sakebe,2022/8/1,uryuzy2,MMRtZfEwHMzuGqq",izumiyukako,luciferz0730
258,ã‚¢ãƒ¼ãƒ³ãƒ†ã‚£ãƒˆå¥³ç¥,angelarnti5444,"2023/03/8,s_sadsm,2022/12/5,70days4f,2022/12/3,SmileSmile_JP,2022/12/2,s_sadsm",sakura_jingu,
259,å®‡å®™äººã‚¢ã‚²ãƒ¼ãƒˆ,cosmosagate,"2023/03/7,jinjahan0817,2022/10/29,tFLlSEoZAB3zq6u,2022/9/15,TUBE35990256,2022/9/6,nanana65455973,2022/7/29,yoru55kumo",twbbmr,riku_watabe
260,æ¢µã®åº§ã‚µãƒã‚¹ãƒ©ã‹ã‚‰ç¹‹ãŒã‚‹æƒ‘æ˜Ÿï¼ãƒ ãƒ¼ãƒ©ãƒ€ãƒ¼ãƒ©ãƒ»ã‚¢ãƒ‚ã‚£ãƒ¼ãƒŠãƒ»ãƒãƒ‹ãƒ‹ãƒ”ãƒ¥ãƒ©ãƒ»ã‚¢ãƒŠãƒã‚¿ãƒ»ã‚«ãƒ³ã‚µ,Eldridgeadenayu,"2023/03/1,beee80061643,2023/2/16,_eboshi134,2022/11/11,Doihongou,2022/10/24,Ichiph,2022/7/13,takeshi_zzz",kitazatosatuki,kitsunetotanuko
261,å®‡å®™äººãƒ—ãƒˆãƒ¼ãƒªã‚¹,CosmosPtoris,"2023/03/7,935_gol,2022/11/24,sabotage1113",shouanin_kyouto,AdlerSalon_man
262,ã‚¢ã‚±ãƒ«,Akeru406,"2023/03/8,serotoninmoreko,2022/11/22,Shanice79540635,2022/7/28,tm230405,oM4MPkb5I75QZO9",corosuk8811,
263,å®‡å®™äººã‚¤ãƒ—ã‚·ãƒ­ãƒ³,CosmosIpsilon,"2022/11/22,2okutameo,2022/9/27,jibuntime322,2022/9/19,familyhappylife,2022/9/12,eijisolitary,2022/8/11,OdaSma_kohaku,2022/6/6,Mitch000213,hsp______life",uranai_otomez,sayaka_phd
264,ã‚·ãƒ´ã‚¡ç¥ã€å­˜åœ¨æ„Ÿï¼†äººé–“åŠ›ã®å¢—å¼·,LordShivaPower,"2022/12/1,jiei_yushi,2022/11/29,EriPureStar1212,takayukipoipoi,2022/11/1,oraclepyon,2022/9/17,smFjtfV7mKskByo",littlenight838,tNw69ESmwTlPs1v
265,ã‚¬ã‚¤ã‚¢123ï½œæ³¢å‹•èª¿æ•´,Uc2B3ziJtPfG,,asagi_photo0921,yoshihama_t
266,å®‡å®™äººã‚µãƒ€ãƒ«ãƒ¡ãƒªã‚¯,Sadalmelek123,"2023/03/7,amanouzume151,2022/11/14,444bot2",Tomozo_358,marupi11y
267,å®‡å®™äººã‚²ãƒ³ãƒ,CosmosGemma,"2022/12/2,HappyHappyKaede,2022/11/28,kamo_jinja_,2022/11/14,ifJw6xkFOtwG4FC,eikokimura,2022/9/2,abchiro0321,2022/7/13,MakanaSpiritual",ibasyoganasasug,xxxjojo310xxx
268,å®‡å®™äººã‚¹ã‚³ãƒ«ãƒ”ã‚£,CosmosScolpy54,"2022/10/22,ih0701chibi,2022/10/13,tesschiy,2022/9/14,takane76639385",b0e36ab4f861483,MrBobomaru
269,ç¬¬åæ„Ÿã®é–ƒå…‰ï¼ã‚µãƒ¼ãƒ‰ã‚¢ã‚¤æ´»æ€§ã«ã‚ˆã‚‹ã‚¤ãƒ³ãƒ—ãƒ©ãƒ³ãƒˆé™¤å»,TG6Ab3PjO6KN,"2023/03/7,tsushimacat,2022/9/28,Atom_aiai,2022/8/2,XIZ3Te42NA7sJTR,2022/7/22,wjproducts1,namejug3,TOYU_morikawa",eiji_biz,ii_museum
270,å®‡å®™äººã‚»ãƒ‰ãƒŠ,CosmosSedona,"2023/03/8,Horus330,2022/11/30,haregasukii,2022/11/8,sabotage1113,2022/10/27,kamitonotaiwa_,2022/7/16,MD_BLACKmd7",origamicat,
271,å®‡å®™äººãƒŒãƒ³ã‚­,Cosmosnunki951,"2023/03/7,kuukansugoi,2022/10/16,sigekiti_takata",kumomanokanata,tarchannet
272,å®‡å®™äººãƒãƒƒã‚«ãƒ«,CosmosNeckal221,"2023/2/24,kuwanasousha,2022/10/25,maemukimuji,2022/9/20,kasumix6",yu_nekocat,aquos_developer
273, ã€ã‚ªãƒ³ãƒ©ã‚¤ãƒ³è‹«ç±³åœ°å¼ã‚³ãƒ¼ãƒãƒ³ã‚°ã€‘æ˜è¦–ã€ç¥é€šåŠ›ã€éœŠçš„ãªè¦šé†’ï¼ã‚¹ã‚¿ãƒ¼ã‚·ãƒ¼ãƒ‰ayumi à¤“à¤®à¥,ayumi_jintsurik,"2022/12/29,h_yamamoto06012022/11/6,alanmccormick559,2022/7/5,Mm73810619",yuukipositive,YukiSubsc
274,ã‚«ãƒãƒ©æ´—æµ„ï¼ãƒ—ãƒ­ã‚»ã‚¹åŠ é€Ÿãƒ’ãƒ¼ãƒªãƒ³ã‚°,CKruegerbz,"2023/03/7,49kuukan0517,2/3,Bj2zH,1/31,8383_mats,1/12,y5G4bBKR7XDuY9d,2022/12/2,eiji_imaoka",mofumofu2021_11,PONTAMAO
275,é›¶ç‚¹ãƒ©ã‚¤ãƒˆãƒœãƒ‡ã‚£ã®ã‚¢ã‚¯ãƒ†ã‚£ãƒ™ãƒ¼ã‚·ãƒ§ãƒ³,ferhypfx,"2023/03/6,Yumi_57,2022/12/12,fiftyfox50,2022/11/14,JunkoY33333__,kaicho_order,2022/7/28,mamaconno,2022/6/9,JunkoY33333__",milin_333,roseno10
276,å®‡å®™äººã‚²ãƒŸãƒãƒ¼ãƒ«ãƒ ,CosmosGeminorum,"2023/03/7,coco_369_,2023/2/16,yurieuranai,2022/12/16,no53go,2022/11/22,POEMI00001,ZukiSora,ESQXeRaJCahzuk1,2022/7/22,co_ha_cu",komorebi3739,botanicalhart
277,å®‡å®™äººã‚¢ãƒ«ã‚²ãƒ‹ãƒ–,cosmosargenib,"2023/03/7,IGAEMONblog_,2022/10/8,seiradou12,2022/8/23,ktowhata,2022/8/3,miraclerose1002,seiradou12,ktowhata,shiinayutaka777,2022/7/28,anessa_hirano",Lucha_kansya,black_spray55
278,å®‡å®™äººãƒãƒ€ãƒ«,CosmosHadar574,"2023/03/8,YXUIRAIH,2022/9/4,kkym_yukiko,2022/8/02,teako_survivor",Seyuma_carer,
279,åˆ†æ•£å‹•çš„è‡ªå·±æ§‹æˆã‚¨ãƒãƒ«ã‚¸ãƒ¼ã‚¢è‡ªå¾‹çŸ¥èƒ½åŒ–ã¨ç”Ÿå‘½ç´ ç²’å­ãã—ã¦é€²åŒ–,NTmzw9Rh,"2023/03/8,yukamm7",ForestStoryTime,
280,ã‚·ãƒ¥ã‚¦ï½œShu,ShuGod3547,"2023/03/7,lovemomofamily3",kohey_contents,su3_affiliate
281,ç¬¬å…«æ„Ÿã®ãƒã‚¹ã‚¿ãƒ¼ï½œã‚«ãƒ³ã‚µãƒãƒ£ã‚¯ãƒ©ã®ç™ºå‹•ï¼ˆé’ã„é‡‘ã®å…‰ï¼‰,K7PzhYDoLynl,"2023/03/8,nakashima001,2022/12/2,zekkie_0311,2022/9/8,shun_chan20,2022/7/28,motonoshymiaka,HSPlovershouse,nekotokotetu,2022/6/9,motonoshymiaka",aogoshuin,
282,å®‡å®™äººã‚¢ã‚¹ã‚±ãƒ©,CosmosAscella,"2022/12/16,_michiko_vo,2022/12/10,naminori_jhonny,2022/11/29,kh_nao,_white_lily___,2022/11/11,aitsuchi_staff,2022/11/8,masao43725062,2022/10/29,ZukiSora",ruy_uranai,p2XDIcfBHlVfnNP
283,å®‡å®™äººã‚·ã‚§ãƒ©ã‚¿ãƒ³,CosmosSheratan2,"2023/03/7,kb76448705,2023/1/23,hachimanshrine,2022/11/24,matsu25612,2022/10/17,iroha_spiritual,2022/10/12,yuyatosaiun,2022/7/30,MyxQmsqZGCdXl7Q",hikarin22,misakominami
284,çµ¶å¯¾é–‹é‹ãƒ»à¤¹à¤œà¤¼à¤¾à¤°ï½œæ°—åŠŸãƒ»ãƒ’ãƒ¼ãƒªãƒ³ã‚°chikağŸŒŒ,chika_heal_,"2022/11/28,Ukki2019",rty68650415,ADHD_MACHINE
285,ã‚®ã‚¶ã®ç¹æ „ã€æˆåŠŸã€ç—…æ°£ã®æ²»ç™’,saopon0624,"2023/03/7,oz_dot,2022/12/7,2qrJcJ6RCG3VHzz,2022/10/19,cororo5555,2022/10/11,spiritualmaria7,2022/9/13,stvo_k,2022/9/8,HR_take_action,2022/9/2,eringinakaji01,2022/8/30,2451youyou,2022/6/6,yuru68968658,7725rirarin",kaburagi_kco,gerogeroR
286,å®‡å®™äººã‚±ãƒ³ã‚¿ã‚¦ãƒª,Cosmoskenta998,"2023/03/7,fumu_moku",oosan_wolfpapa,eleven_s_s
287,ã‚·ãƒ¥ãƒ¼ç¥,ShuGod528,"2022/11/22,usogoto,2022/11/14,ushimadoshrine,2022/10/31,hawk_master414,2022/8/11,TRAGICMINE,ha0003na,2022/7/30,natsuki967,tatsu_oku,amanenanami7,2022/7/27,canmy23,mentaru_33",i_soragasuki,rsfukuchan
288,ãƒ’ãƒ¼ãƒªãƒ³ã‚°å¥½ãã®å¤–éŠ€OLã¡ã‚ƒã‚“(æ±äº¬éƒ½ï¼‰,kXEd8hpLDYVH,"2023/03/11,shokoieda,1/28,zikokoteikan_,2022/12/21,temple_jokohji,2022/12/19,sayaka_0777,2022/12/16,yuumakamama,2022/12/7,sanjo_oV,2022/11/14,axcel0901,2022/9/2,sanjo_oV,2022/8/30,yorozusoudan7,2022/8/24,natsuokachiharu,ogawa999411,2022/8/20,sanjo_oV,2022/7/5,gettyblogg",weekend_dorobo,
289,ç¥ç¥‡å®˜ãƒ»æµ„éœŠãƒ»é™¤éœŠ à¤“à¤®à¥ ãŠç¥“ã„ï½æ²™æ¥½(ã—ã‚ƒã‚‰ã)ï½,Sharaku179,,tattin333,
290,å®‡å®™äººãƒ¬ãƒ ãƒªã‚¢,cosmoslemuria1,"2023/2/16,uezuss,2022/12/19,Momonga_ezomomo,2022/12/19,_coco_007,2022/12/5,mikikai2,2022/11/21,kokoroyutakaniT,2022/9/12,mocchi_pri,2022/9/7,uraotoworld,2022/8/18,erika_mental,2022/7/21,horus_speak",orangesup100,
291,ãƒªãƒ©ï¼LYRA,LYRA8468,"2023/03/7,angel_uranai,2023/2/3,okuzuka_ren,2022/12/14,happywordsforu,2022/12/8,HakureijinjyaS,2022/10/18,smash_bucho,2022/10/8,Tnwzy57hFTGl1Jc,2022/8/13,marimo2525bu,naoco_cocoro888,2022/7/29,micicokuma",hirokatz,
292,å®‡å®™äººã‚¢ãƒ«ãƒã‚¯,CosmosAlmak641,"2023/03/7,utina_nntyu,2022/9/17,tomozou_imaore,2022/9/3,rin_yumegiwa,2022/7/31,baekaika,2022/7/16,aocharming_star,qwJdaFgKvc2qCMv,9O26ttdX7jMUMdB",MitsuiMasashi,21wds
293,è‡ªåœ¨è¦³æ™‚ç©ºãƒãƒ‹ãƒ•ã‚©ãƒ¼ãƒ«ãƒ‰ã¨ç©ºãªã‚‹è¦–ç‚¹ã®æ§‹ç¯‰,skymanifor951,"2023/2/3,lCoSr2gYgY5MjUF,2022/9/3,fumifumi0972022/7/31,LR_prison_brake",hiroko_o_photo,hidehiro_yuzu
294,å®‡å®™äººã‚¢ãƒ«ã‚¹ãƒã‚¤ãƒ«,CosmosAlsuhail,"2022/11/14,mofmof_biz,2022/11/3,ganryou_blog2022/10/17,mofmof_biz,2022/8/6,uPtxMDPVQOhKyrQ,2022/5/26,dairyo_biz",lovenomaho,i_am_daishi
295,å®‡å®™äººã‚·ã‚§ã‚¢ãƒˆ,CosmosSheat,"2023/03/8,daijujitemple,2022/12/1,tsubomihar,2022/11/30,OZtrasis,2022/11/14,coloku15,2022/10/31,W1g0JfoieLroCBD,2022/10/22,iPnm9UWys5Em5iX,2022/8/2,naniwanokakusei,2022/7/13,KatoTadafumi,djtmgdw",ichigoshujun,
296,å®‡å®™äººãƒ¡ãƒ³ã‚«ãƒªãƒŠãƒ³,cosmos_menkal,"2022/9/24,MasudaAkira6",angelontree,834ta
297,ã‚¦ã‚¢ã‚¸ãƒˆå¥³ç¥,GoddessUjito,"2023/03/8,atsuyuki_sales,2023/1/20,gttr4500,2022/12/24,grapeand_story,2022/12/10,gttr4500,2022/10/31,mikonikoeco,pomeomen,enchantoyou",hukuen_shinri,
298,ã‚ªãƒŒãƒªã‚¹ç¥,OnurisGod279,"2023/03/7,arasaachan2022,2022/10/14,t1MwR7AAB5yb0EM,2022/9/28,Kumi_8889",t_junchannel,TO0313KKO
299,å®‡å®™äººãƒªã‚®ãƒ«,CosmosRigil,"2023/03/8,ai_kotodamamind,2023/2/20,teretasu,2022/11/28,emu_konkatsu,2022/7/28,yukikaoruko,hikarino_Arika,2022/5/26,VenusHeart0,myannta69",mreading9,
300,å®‡å®™äººã‚«ã‚¤,CosmosChi174,"2022/10/4,chi_ku4_ari_nco,2022/9/29,mu_haruhi",morimizumikako,flat_0825
301,å®‡å®™äººã‚¢ãƒ€ãƒ¼ãƒ©,CosmosAdala,"2023/03/8,Happy_Pokonyan1,2022/12/9,kenjin_ayasato,2022/11/14,infotoga,2022/10/31,ka_m_i_sa_ma,kokoronokotoba1,2022/8/30,nomototamaki,2022/8/27,akari_suz,2022/7/13,mii2525jp",hihojan10,
302,æ‹æ„›ï¼æ„›æŸ“æ˜ç‹,bot19322324,"2023/03/8,miwajinnjya,2022/12/10,kuu73114,1/28,senkonman,2022/10/15,Incantation_clb,2022/9/17,yuni_lovemyself,2022/9/6,KahokoTsunezawa",kobugaharatengu,
303,å®‡å®™äººã‚¿ã‚¦ãƒªãƒ¼,cosmostawley,"2023/03/8,Takuya_Kimura20,2022/12/29,yayoi33kuito2022/12/10,koto_sakurazawa,2022/11/8,BeniKomao_Spla,2022/8/9,iiottomezase,2022/7/30,Kotone2021",takamasa_keiei,
304,å®‡å®™äººãƒã‚¿ãƒ«,CosmosMatal,,naz_iro,nwdHquHrTlzzyCR
305,å®‡å®™äººã‚¢ãƒ¬ã‚­ã‚¿ã‚¤ãƒ—,CosmosAlekitype,"2022/8/29,tabasaporushek1,2022/8/24,bndVDJqi970J7Td,2022/8/8,konoha_happy,2022/7/29,kanon_happy_nm,2022/7/22,Ortho_FL",samishow2021,toa_kaiun
306,å®‡å®™äººã‚¢ãƒ«ãƒ“ãƒ¬ã‚ª,CosmosAlbireo,"2023/03/7,bekkaku_,2022/12/29,myon_344,2022/12/9,RIPSLYME5,2022/12/5,katakana_miwa,2022/11/28,Ishita32100826,2022/7/31,sakurajapan72,2022/7/21,megumu09418486",aniotahosyu,Reiwachan_JP
307,ã‚¨ãƒ‡ãƒ³ã®åœ’ï½œå¤‰åŒ–ã«æŒ‘æˆ¦ã™ã‚‹å¿ƒã€çŸ¥æ€§ãŒæ¬²ã—ã„æ™‚ã€è½ã¡è¾¼ã‚“ã æ™‚ã€å›°é›£ã«ç›´é¢ã—ãŸæ™‚ã€æŒ«æŠ˜ã—ãŸæ™‚ã®ãƒ’ãƒ¼ãƒªãƒ³ã‚°,713y1r0tI5Kw,"2022/12/2,uunaar_fz1025,mai88_unicorn,2022/8/29,lessor_tw,starry_sky_cm,2022/7/29,b7S4Qjk5fxgmTQH,2022/7/22,mqa1En7Flf8tei4",seikunnoouchi,kannoyo
308,å¯èƒ½ä¸–ç•Œãƒšãƒãƒˆãƒ¬ãƒ¼ã‚·ãƒ§ãƒ³è¶…æ™‚ç©ºå› æœå†æ§‹æˆã®èªè­˜ã¨æ„è­˜,Penetration21a,"2022/12/28,9YUPmHxdkAMqc4f,2022/12/2,9YUPmHxdkAMqc4f,2022/11/21,Arundel_shop,2022/11/14,xo0wazAknNiVEYI,2022/11/9,hbssPYaQq5LW9f9,2022/9/11,pxreina,2022/8/1,Tokiuku78",mokomoko_hsp,nattu_investor
309,ãƒ—ãƒ¬ã‚¢ãƒ‡ã‚¹ï¼PLEIADES,PLEIADES00000,"2023/2/20,chiimama0409,2/13,25_ni_ko_,2022/9/20,triodiary",tatetate0tasuke,tryskw
310,ã‚µãƒã‚¹ãƒ©ãƒ¼ãƒ©é–‹çœ¼ï¼å®‡å®™ã‚„å¤©ä¸Šç•Œã¨ç¹‹ãŒã‚‹ï¼è»¢ç”Ÿç¥ç¤¾,aki67667222,"2023/2/28,paw_stargazer,2023/2/10,ichimatsu666,2023/2/3,mamaguide3,2022/8/12,phrayuki",chibineko566,bakunakioji
311,å®‡å®™äººã‚¾ã‚¹ãƒ,CosmosZosma,"2022/12/1,masaworks4u,2022/11/14,yuki_free,2022/9/2,1grapeblood1,2022/8/13,tamaki_neesan,2022/8/8,afcp_01,2022/7/30,hoshi_hitomi3,2022/7/28,Epo3rbHkGbkiIVu,DailyTocana",sudatora,wanho_book
312,ã‚¢ãƒ¡ãƒ³ï¼ã‚¢ãƒ¢ãƒ³(Amun),AmenAmun964,"2023/03/11,otoiku_design,2023/03/4,BiDwVv7B2Uh5VYR,2022/11/14,niji24happy,2022/8/13,Jinja_emonA,2022/8/1,omairi_seikatsu,fami_nobu",Lisa__lil,
313,ã‚¢ãƒšã‚·ãƒ¥ç¥,apeshgod,"2022/12/12,cOm6O0xOOWWG7Dw,2022/10/5,MJ40578369,2022/9/1,lise_tarot,2022/8/15,hidamari_kota33",Lune_fierte1111,syun_ka_syuutou
314,å®‡å®™äººãƒšã‚¬ã‚µã‚¹,CosmosPegasus,"2022/11/14,nearelic,2022/7/30,Laichi99137973,mayu1652,2022/7/27,arika_161020",OKU_MAYA,oracletaro
315,ãƒ—ã‚¿ãƒï½œPtah,pdI1oMLU,"2023/03/8,s_i_s_i_n,2022/12/31,positivediary32022/12/9,yukichoko_,2022/12/2,2022/11/22,IakemiH,2022/11/11,bluesea0704,2022/10/19,mithrilweb,2022/10/15,asumisumu11,2022/10/11,HAL_mind,2022/10/7,yukiloveangel,2022/10/3,fukusuke1008,2022/8/25,stelladesu,2022/7/13,aika_nishihara",hirotophy,
316,çµ¶å¯¾é–‹é‹ãƒ»à¤•à¥‡à¤‚à¤¦à¥à¤°ï½œæ°—åŠŸãƒ»ãƒ’ãƒ¼ãƒªãƒ³ã‚°maoâšœ,mao_heal_,"2023/1/20,eraku2020,2022/12/12,ishikirishrine,2022/11/7,oE7NUJAR5rgYc2m,2022/10/11,rainbow_blue7,2022/8/12,k_sakai1005,2022/7/30,Pondmum1Mum",hzz7HJ5f5leV6WT,
317,å®‡å®™äººã‚«ãƒƒãƒ‘,cosmoskappa1,"2023/03/7,haru_2111",kazumichi_0321,ohigas_natsuba
318,å‰ä¸–ã®æ˜ åƒï¼ãƒ—ãƒ¬ãƒ¤ãƒ‡ã‚¹ãƒ»ã‚·ãƒªã‚¦ã‚¹ã«ç›®è¦šã‚ã‚‹,Hammshielaxy,"2022/10/5,tmjemxt,2022/9/16,INTERNET_nannn_,2022/7/13,Chance443",papajapon,ErinTachibana
319,å®‡å®™äººãƒŸãƒ©,CosmosMira741,"2023/03/7,yopei1222,2022/9/8,T68thWCIbqmGSTW,2022/9/5,miki_y317,Nb3NsbNQSmN3iS7,2022/8/5,iUgWX9mUStPbogt",healer_otochan,shiawasesaku3
320,å®‡å®™äººãƒˆãƒ«ãƒãƒªãƒ³,CosmosTourmali,"2023/03/4,ooya_jumasy8,2022/12/28,yoshi_koumuin,2022/10/8,TOMMY19989353,2022/9/6,kokoro_express",osmic9394,Shukatsu_0707
321,å®‡å®™äººã‚¿ãƒ‹ã‚¢,av_your,"2023/03/8,gin_sneaker,2022/9/7,ysk_detox,2022/9/6,v1vfWiQcOnLrNzN,2022/9/4,mom_ac_hearcure",tutaetaikotoba1,
322,ç©ºã®åŒ…æ‘‚ï½œè¥¿æ´‹æ±ç¥ãƒ»æ±æ´‹ç¸èµ·,YFlhtXuaq3Bh,"2023/03/8,soubi_rose",zeusu_sub,
323,å®‡å®™äººãƒ˜ãƒ«ã‚¯ãƒªã‚¹,CosmosHerli753,"2022/12/5,chanco365,rune_taureau",diorika,OxMnr
324,å®‡å®™äººãƒ¡ãƒ©ã‚¯,CosmosMerac525,"2023/03/7,kamomentor,2022/12/10,ck_eh8,2022/10/31,shanpo23,4BpZzeFrvI4bQTQ,2022/6/9,shanpo23",wakaran0196,shikamarurobo
325,å®‡å®™äººãƒŠã‚·ãƒ©,CosmosNashira38,"2022/9/7,BFi6f2pbMGdzIw1,2022/9/7,sakana_selfcare,2022/9/6,piyotan0531,2022/7/30,kuromaru9602022,die_0_2",Kanna_Imfree,ak_o114
326,å®‡å®™äººã‚µãƒ•ã‚¡ã‚¤ã‚¢,CosmosSaphire46,"2023/1/12,takasanvoice,2022/12/21,kaiun369,2022/12/2,AkagiKanun,2022/11/26,shimogamosalon,2022/10/29,ruu_fight,2022/10/9,wcs_lead,2022/10/3,JUfIc9lLuwr3sJP,2022/9/27,1227kazahana,2022/9/3,legaprand,2022/7/31,ikuradesign1375,2022/7/29,Yui_sns_31",yutty_nanpa,piyopiyostory1
327,çµ¶å¯¾é–‹é‹ãƒ»à¤¤à¤¾à¤°à¤¾ï½œæ°—åŠŸãƒ»ãƒ’ãƒ¼ãƒªãƒ³ã‚°hitomiğŸŒ ,hitomi_heal_,"2023/03/7,oikawa_yukihisa,2023/2/4,sawauranai4,2022/12/31,kanjihirota,2022/12/12,hinato_125,2022/12/8,Denny_Fujimoto3,2022/8/4,yumiman4,2022/7/30,kittywh84693348",lovemiporinlove,TanzanJinja
328,å®‡å®™äººãƒ—ã‚µã‚¤,CosmosPusai1,"2023/03/11,harurasmile,2023/03/7,MSYN738,2022/7/26,goshuinchou",kida_seichi,
329,å®‡å®™äººã‚¯ã‚µã‚¤,CosmosXi639,"2023/03/8,yuji_ikegaya,2023/1/9,QgD61sK81TcPm4f,2022/11/18,kamino_mihou,2022/11/14,sakuna_2,2022/10/19,yocchan_uranai,2022/9/15,sanaemurakami,2022/8/23,shimamura8888,2022/8/18,shunsukefuruno,ZiT2hKAZ04rtqOW,2022/8/2,uranattekiyoko,2022/7/3,blueflame_bot",ponchan_yutori,
330,çµ¶å¯¾é–‹é‹ãƒ»à¤‡à¤šà¥à¤›à¤¾ï½œæ°—åŠŸãƒ»ãƒ’ãƒ¼ãƒªãƒ³ã‚°kanağŸŒŸ,kana_heal_,"2023/03/7,mate_hsp,2022/11/26,nobuaki2711,2022/9/8,Girrafe24,2022/8/30,YUKINOWILL,2022/7/31,nishinishi_kun",ApocheKuma,kenken_blog
331,å®‡å®™äººãƒ¬ãƒãƒªã‚¹,CosmosLeporis,"2023/03/7,aikotoba_salon,2023/2/3,aokiachievement,2023/1/27,coach_watanabe,2022/12/8,RHN25252022/11/28,hiro_heart8,2022/9/2,asamimi2222,myself32sp,2022/7/31,5IYsb2l0Jhoxck7",ninjin__sensei,mitsuminejinja_
332,ã‚¢ãƒ”ã‚¹,apis174,"2023/03/7,kazusan333,2022/12/1,kamo_afuii,2022/11/22,aoi_monetize,2022/9/1,Genkideyosi1007,2022/8/29,fruitscookiepie,2022/8/11,LatinCartier,2022/7/29,umidaisukisas",sora_mentor,takehito_miya
333,ã€å®‡å®™ã‚¨ãƒãƒ«ã‚®ãƒ¼ãƒ—ãƒ©ãƒ¼ãƒŠã‚¢ãƒãƒ¥ãƒ¼ãƒ¡ãƒ³ãƒˆã€‘ç¬¬7ãƒãƒ£ã‚¯ãƒ©æ´»æ€§åŒ–ï½œå¼•ãå¯„ã›ã®åŠ› å¤©é‹ã«æµã¾ã‚Œã‚‹ ä¹æ­»ã«ä¸€ç”Ÿ,mXdkLgi8T0om,"2023/03/7,escape_no_e_yo,2023/2/10,h9_crm,2022/12/8,sasacchi_y,2022/11/28,living_707,2022/6/9,sasacchi_y",taichinakaj,mitsu20190908
334,ãƒ¢ãƒ³ãƒˆã‚¥ï½œMontu,montu21a56,"2023/03/1,yasulog2,2022/8/1,waccel_academy",ariorihaberi_im,hachio_ha
335,Brain IQ10å…†ã‚¨ãƒãƒ«ã‚®ãƒ¼æ°¸ä¹…ç‰ˆã€‚ä¸€ç”Ÿä½•åº¦ã§ã‚‚å—ã‘å–ã‚Œã‚‹,iq10trillion0,,enicat10,2ndjungo
336,ã‚¢ã‚·ãƒ¥ã‚¿ãƒ¼ã®æ³¢å‹•ï¼ï¼•æ¬¡å…ƒã¸ã®ã‚¢ã‚»ãƒ³ã‚·ãƒ§ãƒ³,BDominiky,"2023/03/3,uranai_musubi,2023/2/10,hachapin2,2023/1/31,fucchi_bachi8,2022/10/19,saiko110420022,2022/9/27,SakitaShiori",yuki8marketer,NARUMIN_com
337,å®‡å®™äººã‚ªãƒªã‚ªãƒ‹ã‚¹,cosmosorionis12,"2023/03/8,masa_FScratch,2022/10/28,ropcshumi,2022/9/27,T2Us3JUn6OeCySv,2022/9/7,Ouka091117",Ray80081111,
338,å®‡å®™äººã‚¢ãƒ³ã‚¿ãƒ¬ã‚¹,CosmosAnta4785,"2023/03/8,mokojiinosu,2023/2/10,jack_cho_bot,2022/12/29,zaki_invester,2022/9/3,hbssPYaQq5LW,1706Hii,9f9,2022/8/12,sid_vi_wing",dojochogo,
339,å®‡å®™äººã‚¹ãƒãƒ«,CosmosAtras,"2022/6/9,kimi_10_shiromi",yuzu_happyLife,gobo_biz
340,å®‡å®™äººã‚¢ãƒ«ã‚²ãƒ†ã‚£,CosmosAlgiedi74,"2023/03/8,Bopepo1",makoto_shuukan,
341,å®‡å®™äººã‚¢ãƒ«ãƒŠã‚¤ãƒ«,cosmosarnile,"2023/03/4,teramikochannel,2023/1/27,michi_uranai123,2022/12/14,Omapro528,2022/12/13,mana_advisor,2022/12/1,ryufreelife,2022/10/24,mayan_study,2022/10/19,BurikiIndolence,2022/10/13,wakana_macchari,2022/8/1,lQZp1g2X9NSEbA8",kxz99ttyu,etokyojam
342,å°å®Œå…¨é éš”ãƒ¯ãƒ¼ã‚¯ï¼å°è§£é™¤ãƒ»é–‹æ”¾,enkakuwork15,"2023/03/7,tarotluna2,2022/12/8,zinja_000,2022/11/14,takotakoebiebis,2022/10/28,seeya_nakano,2022/10/28,ryo_yuyu111,2022/10/9,seeya_nakano,2022/9/30,usuieig2022/9/3,teoteoorl,2022/8/02,mayawhite222",shinjisugar,8zUAhV8vGFfdjQU
343,å®‡å®™äººã‚·ãƒ£ã‚¦ãƒ©,CosmosShaula,"2023/03/7,mari_kigyo,2022/11/24,yubeshichan300,2022/11/9,spreadworldjpn,2022/9/19,GAJ8zLAyhQgmrwg,sayo_trust,2022/8/2,Ikko_Kamioka,kii_voielactee",eternity_404,siki358358
344,ã‚¯ãƒŒãƒ ç¥,KhnumGod,"2023/03/7,yumeka1251,2023/2/10,kazunari1507,2023/1/30,asawako319,2022/7/23,MW822i,BrsDYNsJTKzD9PT",saso_unko,ts19780322
345,ç¾å®Ÿã‹ã‚‰ã®è¦šé†’(Awakening),Awakereality465,"2022/9/7,bambi_amor4,2022/9/6,shiro_shirtmax,2022/9/6,arato_san,2022/8/02,utsu_battle",shennronn_Drums,ON07161
346,å®‡å®™äººãƒŒã‚µã‚«ãƒ³,CosmosNusakan,"2022/7/28,ameri0412,manaka_kotohogi,2022/5/26,zawa_owner_,takapon3588,kou_subcon01",jY7Z1nq1PFmRUHv,anlabo_official
347,å®‡å®™äººã‚¢ãƒˆãƒ©ã‚¹,CosmosAtras963,"2022/12/2,koganemushiwa,2022/9/27,kazuki_kaiun,2022/9/13,spihealing,2022/8/18,shizu_ku_kirari,2022/6/15,tsumugi_pt999",uranai_tenbinza,RYOJI_PORSCHE
348,å®‡å®™äººã‚¢ã‚¯ãƒ™ãƒ³ã‚¹,CosmosAcbens,"2022/12/30,SaunaLico,2022/12/5,takayan_kokoro,2022/12/2,Michael97024561,yutarot88,2022/10/28,usuki_hachiman,2022/10/14,suncareer2,Aoboshi_Hari,hanazo7,2022/8/13,matsudamihiro,2022/8/3,koba_mukasshi,disclosures_jp,2022/7/30,AKB68BABAA,2022/7/15,Bir30Satoshi",norisnoris2,yukiyuki3yuki
349,å®‡å®™äººã‚¯ãƒªã‚½ãƒ™ãƒªãƒ«,CosmosCrsoberil,"2023/03/7,tomohimawari33,2022/10/29,negishi_bigei3,2022/6/6,koichi_333,OfficeFr",fushi_diet,matsu_f16
350,ã‚¢ã‚±ã‚¯,akeku528,"2022/12/24,kyototime_jpkyototime_jp,2022/10/31,kagurahikaru",rennai_jouzu,yukarikokoroful
351,ã‚¤ãƒ ãƒ˜ãƒ†ãƒ—ç¥,ImhotepGod,"2022/12/5,linne_flower,2022/11/28,katotaizobot",tora_s8,Japanese_hare
352,å®‡å®™äººãƒŸãƒ¥ãƒ¼ ,CosmosMiu978,"2023/03/8,Bb5Nobuo,2022/12/9,hiyoshi_jinja,2022/11/25,yoshikawa8izume,2022/11/14,monaka_fire,2022/8/13,358Riruru,mako49893210,2022/7/23,SceneryFavorite,SceneryFavorite",rGo_uchi,
353,ã‚»ã‚¯ãƒ¡ãƒˆå¥³ç¥,SekhmetGod,"2022/12/30,junya_ikd,2022/12/19,iruma7788,2022/12/7,Kakorichi8726,ChieAloha_Y,2022/11/28,nokinbody,2022/10/15,yayo_1coaching,2022/10/12,renyuki888,2022/10/3,th_yumiko,2022/9/12,DONMAI86677110,naturalpastel74,2022/8/8,pomu_iyashi,2022/7/27,am_phtoimo_3939",Masaya_Inv,sho_netbiz
354,ã‚µãƒˆãƒªè¶…æ¬¡å…ƒç©ºé–“ã‚¯ãƒ©ã‚¤ãƒŸãƒ³ã‚°ã¨ãƒãƒ†ãƒ³ã‚·ãƒ£ãƒ«è„±æŠ‘åˆ¶ã®ç§˜ä¼,SatoriClimbing,"2023/03/7,yuyu_hitomi,2023/1/23,_kana_chanss,2022/8/1,aiko3240",SatoMamars,hinatamasahito
355,å®‡å®™äººã‚®ã‚¨ãƒŠãƒ¼â‡å®‡å®™äººãƒ’ãƒ¥ãƒ‰ãƒ©ã‚§,Cosmosgen555,,l5RbdIcC6CDPOq9,hzz7HJ5f5leV6WT
356,,,,,
357,,,,,
358,,,,,
359,,,,,
360,,,,,
361,å®‡å®™äººãƒ‘ãƒ¼ãƒ´ã‚©ãƒ‹ã‚¹,CosmosPavonis,"2022/11/29,otokohone23,2022/9/15,cocopics_tsa,2022/7/31,SyunMk",akpapa_family,
362,å®‡å®™äººã‚»ã‚¯ãƒ³ãƒ‰ã‚¥ã‚¹,CosmosSecundus,"2023/1/23,l5RbdIcC6CDPOq9,2022/7/23,harmonytwin8888",kirarisyacyo13,
363,å®‡å®™äººã‚¬ãƒ¼ãƒãƒƒãƒˆ,CosmosGarnet,"2022/11/1,okaka365,2022/9/6,Takeshi63280322,2022/6/9,Takeshi63280322",ryumaru_sedori,
364,å®‡å®™äººã‚ªãƒ¼ãƒ©,CosmosAura123,"2022/7/23,destiny070888",kaoru_hmc,
365,ï½ãƒãƒ•ã‚§ãƒ«ãƒ†ãƒ (Nefertum)ï½,nefertum21a,,yuntaso333,
366,ãƒ¡ã‚·ã‚¢/ãƒ”ãƒ©ãƒŸãƒƒãƒ‰å†…ã‚’æµã‚Œã‚‹é«˜å°šãªæ³¢å‹•ï¼ˆã‚ªãƒ¼ãƒ©ï¼‰,MesiaPyramids,"2022/11/29,finewezar,2022/11/1,maka_hisho,2022/10/10,Rita123_45,2022/10/10,nagomu__toki,2022/9/3,BUdhiSQgjmgiLbH,2022/8/02,nekMustang",tanashun28,
367,çµ¶å¯¾é–‹é‹ãƒ»à¤†à¤¨à¤¨à¥à¤¦ï½œæ°—åŠŸãƒ»ãƒ’ãƒ¼ãƒªãƒ³ã‚°reiğŸŒˆ,rei_heal_,"2022/9/20,echigo_shiro",nshun_free,
368,ã‚µãƒˆãƒªè¶…æ¬¡å…ƒç©ºé–“ã‚¯ãƒ©ã‚¤ãƒŸãƒ³ã‚°ã¨ãƒãƒ†ãƒ³ã‚·ãƒ£ãƒ«è„±æŠ‘åˆ¶ã®ç§˜ä¼,satori21a,"2022/9/4,FT0321_0805,2022/9/4,adgopwpm,2022/7/23,meiwaplatech",Yukamama_Buppan,
369,å®‡å®™äººã‚µã‚®ãƒƒã‚¿ã‚§,Cosmossagit77,"2022/7/31,naothi888",kanegonbuchou,
370,,,,,
371,,â†“2/16 ãƒœãƒƒãƒˆåœæ­¢ä¸­,,â†“kanri 2/17å¤‰æ›´ã—ã¾ã—ãŸ,
372,å®‡å®™äººãƒãƒªãƒ¼,cosmosharry1,"2022/9/16,smiley_guidance,2022/9/3,gu___taratar,2022/9/3,asaka_mystery31",louticebots,
373,,,,,
374,,,,,
375,,,,,
376,,,,,
377,æŠ½è±¡åº¦ã®è‡¨ç•Œç‚¹ã®ä¼æˆï½œåäºŒæŸã®DNAï¼ç”Ÿå‘½ã‚¨ãƒãƒ«ã‚®ãƒ¼ã®æ³¢å‹•ï¼ã‚½ã‚¦ãƒ«ã‚¹ã‚¿ãƒ¼ãƒãƒ£ã‚¯ãƒ©,Luannegreenwoo1,"2023/2/10,6Twe9s1Z9CuUxSY,2022/12/26,1001aka1,2022/12/10,nora_boku,2022/12/5,sasutahikojinja,2022/11/30,personslink,2022/8/1,KenjiSpirit24",,
378,æ°—åŠŸå°å…¥ãƒšãƒ¼ã‚¸(ADHDæ”¹å–„)ï¼ ä½œæˆè€…â†’Adachi,ADHD_heal,"2022/12/18.from_bashar_bot,2022/12/18.N908Sa,2022/9/6.XslulGkql3ECfZa,2022/8/13.JTyxdSPq3XvFSoZ,2022/8/4.sunatys_world",,
379,å®‡å®™äººãƒ‰ãƒ©ã‚³ãƒ¼ãƒ‹ã‚¹,CosmosDraconis,,,
380,"ã‚¬ãƒ³ãƒæ³¢ã§è¦šé†’ï¼é«˜å‘¨æ³¢ã‚¬ãƒ³ãƒæ³¢,è„³ã®èªçŸ¥æ©Ÿèƒ½æ´»æ€§åŒ–,é ­è„³æ˜æ™°,ç›´è¦³åŠ›,é¬±ç—…æ²»ç™‚,ADHD(æ³¨æ„æ¬ é™¥)",g_hzgod,"2022/12/22,toyokunishrine,2022/11/14,shiitake7919",,
381,æ²ˆé»™ã®49æ—¥é–“ã‚¢ã‚¹ãƒˆãƒ©ãƒ«ã®ä¸–ç•Œ,Starrrositaaqt,"2023/1/11,SF_fujiko,2022/12/28,snowandparasa,2022/12/2,kiyama_jinjya2022/11/3,kazu_snsmind,2022/10/14,mana_desu612,2022/7/16,DjOr9qej8SvuWoe",,
382,å®‡å®™äººãƒˆã‚¥ãƒ¬ã‚¤ã‚¹,CosmosNaash915,"2022/12/1.,selfcomestomine,2022/10/28.,ebichili_adhd,2022/9/4.,poco_adhd,2022/9/4.,shinshiro_ito2",,
383,ã‚¢ãƒ†ãƒ³ç¥,atengod396,"2022/12/21,0tYwaWvtWN0INdX,2022/10/13,chibidolife56,2022/10/12,hoyutebasakiarm,2022/10/7,Rna6K,2022/9/27,kurograph_yu,2022/9/8.crucian0777,2022/7/27,Da8ZNqf19cD1H9C",,
384,ã‚·ã‚§ãƒ˜ãƒ–ã‚¦ã‚¤ç¥,ShehebuuiGod,"2022/12/7,toku3_jibunjiku,2022/11/14,CaptMurasha,2022/10/31,6got_fuuta,2022/10/19,beer_mochi,2022/10/14,ZrfYT2hGtb6W3UA,2022/9/20.yasusea3,2022/7/3,nX7z5nzv8ycwMGE",,
385,ãƒã‚¢ãƒˆï½œMaat,I1Rgd6eB,"2022/9/16,motoyassr813,kyuyakuyobu,",,
386,DNAæ´»æ€§åŒ–ï¼ãƒ¬ã‚¤ã‚­ãƒã‚¹ã‚¿ãƒ¼ï¼ã‚µã‚¤ã‚­ãƒƒã‚¯ãƒ—ãƒ­ãƒ†ã‚¯ã‚·ãƒ§ãƒ³ï¼karo,ngocbachnguyen,"2022/12/1,WDOWe5O2A14FyZY,2022/11/14,ASD_ELEGANT,2ï¼Œ",,
387,Wealth è¶…é‡‘é‹ã‚¨ãƒãƒ«ã‚®ãƒ¼ãƒ»ã‚ªãƒ¡ã‚¬æ°¸ä¹…ç‰ˆ é‡‘é‹ã‚¢ãƒƒãƒ—,wealth21a,"2022/7/31.MJKconsultant,2022/7/29.CobraThePortal,2022/7/22,hii29227409",,
388,å®‡å®™äººã‚¢ãƒ«ã‚±ã‚¹,CosmosAlkes,"2022/12/2,2022/11/14,nearr_aaccount,2022/9/19,williamrainen",,
389,å®‡å®™äººãƒ†ãƒ¬ã‚¹ã‚³ãƒ”ã‚£,CosmosTelescopy,"2022/12/14.shining_etsu,2022/11/14,nyree_official,2022/10/13,Tomoyuki_kanpo,2022/10/11,mido_allergy,2022/9/13.ushijiro_umada,nurse_mikoto,2022/8/3.hiyokodayo13,2022/7/13,kanon_shiranoi",,
390,å®‡å®™äººãƒ´ã‚§ã‚¬,CosmosVega417,"2022/11/20.,hinaren19",,
391,çµ¶å¯¾é–‹é‹ãƒ»à¤ªà¥à¤°à¤•à¤¾à¤¶ï½œæ°—åŠŸãƒ»ãƒ’ãƒ¼ãƒªãƒ³ã‚°akiğŸŒ,aki_heal_,"2022/9/27.,evilempire528,2022/9/21.,makiaihara,2022/9/7.,saru_kamikaze,02022/5/18saru_kamikaze",,
392,å®‡å®™äººãƒãƒ«ã‚«ãƒ–,CosmosMarkab,"2022/12/2.Eri358Uchi,2022/10/31,Basharo320,2022/8/12.sanzouhoushi528,2022/8/9.ryujin_tsukai,2022/7/29.HRboze",,
393,çµ¶å¯¾é–‹é‹ãƒ»à¤†à¤ªà¤¸ï½œæ°—åŠŸãƒ»ãƒ’ãƒ¼ãƒªãƒ³ã‚°yuiğŸ’,yui_heal_,"2023/1/11,satomin_161,Nanaio627,2022/12/10,jinto_jibunpock,2022/8/13.okuraharuka,2022/8/02,Tayori3",,
394,å®‡å®™äººãƒ‹ãƒ¥ãƒ¼,CosmosNew019,2022/7/28.evanzel0708,,
395,å®‡å®™äººãƒ’ãƒ‰ã‚¥ãƒªãƒ¼,CosmosHidley56,"2022/10/21,ashxxjadexxlynx,2022/10/17,wakuwaku2_smile,2022/10/5,KEIKO_shikumi,2022/10/4,doJj0AJnuOd730Y,2022/9/23,rM1lowp9pCBKs7Z,",,
396,å°å®Œå…¨é éš”ãƒ¯ãƒ¼ã‚¯ï¼å°è§£é™¤ãƒ»é–‹æ”¾,unmarkopen,,,
397,å®‡å®™äººã‚¢ãƒ«ã‚²ãƒ†ã‚£,CosmosAlgiedi77,,,
398,å®‡å®™äººãƒãƒ—ãƒãƒ¥ãƒ¼ãƒ³,CosmosNeptune14,,,
399,å°å®Œå…¨é éš”ãƒ¯ãƒ¼ã‚¯ï¼å°è§£é™¤ãƒ»é–‹æ”¾,unmarkopen,,,
400,å®‡å®™äººã‚¢ãƒ«ã‚²ãƒ†ã‚£,CosmosAlgiedi77,,,
401,å®‡å®™äººãƒãƒ—ãƒãƒ¥ãƒ¼ãƒ³,CosmosNeptune14,,,
402,å®‡å®™äººãƒ‡ãƒãƒœãƒ©,CosmosDenebola,,Dgoutokuji,bozu_108
403,å®‡å®™äººã‚ªãƒŸã‚¯ãƒ­ãƒ³,CosmosOmicron,,Butler_jinja,
404,å®‡å®™äººãƒ‘ã‚¤ãƒ­ãƒ¼ãƒ—,CosmosPyrope,,saiyoking,
405,è—¤å ‚ã€œç„¡å„Ÿãƒ’ãƒ¼ãƒ©ãƒ¼é¤Šæˆãƒ»äººç”Ÿæ”»ç•¥ãƒ»è»¢ç”Ÿ,fujido820,,kayochan8888,mukaiyuki
406,å®‡å®™äººã‚ªãƒ¼ãƒªã‚ªãƒ¼ãƒ‹ã‚¹,cosmos_orions,,TeacherhaGreat,moaryu0420
407,å®‡å®™äººã‚¯ãƒªã‚¹ã‚¿ãƒ«,CosmosCrystal52,,bonchi0303,blueridge36369
408,å®‡å®™äººãƒã‚¤ãƒ¨ãƒ«,CosmosMajor,,masyumaro_ayuyu,ringotouranai
409,å®‡å®™äººã‚¢ã‚¯ã‚¢ãƒ¼ãƒª,CosmosAquarii,,miyabi07070,
410,å®‡å®™äººã‚¢ãƒ¡ã‚·ã‚¹ãƒˆ,CosmosAmesist,,yuyuyuonsendayo,
411,å®‡å®™äººãƒ©ã‚¹,CosmosRas572,,raisusarada,Vn7rfILsHyD3gCu
412,åˆæœˆ10ä¸‡å††ï¼ã‚³ã‚³ãƒŠãƒ©ã‚µãƒãƒ¼ãƒˆã‚»ãƒ³ã‚¿ãƒ¼,jg8vAjIJUaPX,,Ray80081111,MmlSTVukRqNKAmq
413,ãƒ•ã‚©ãƒ­ãƒ¼ã§ä¼æˆï¼ã‚°ãƒ©ãƒ³ãƒ‰ã‚¯ãƒ­ã‚¹ãƒ–ãƒƒã‚¿ã®æ™ºæ…§ã®åˆ©å‰£ï½œä¸å‹•æ˜ç‹,Buddhism211,,yama_hsshsp,
414,çµ¶å¯¾é–‹é‹ãƒ»é‡‘é‹ï¼‘ï¼å€ï¼å¥‡è·¡ã®é€£ç¶šãƒ»ãƒ„ã‚¤ãƒƒã‚¿ãƒ¼ç¨²è·å¤§ç¤¾,kandrahgreenb,,otokohone23,tutaetaikotoba1
415,å®‡å®™äººã‚¢ãƒ«ãƒ•ã‚£ãƒ«ã‚¯,CosmosAlphirk,,naz_iro,nwdHquHrTlzzyCR
416,å®‡å®™äººãƒ«ãƒ”ãƒ¼,CosmosRupy134,,imuryouranai,
417,ã€å¯†æ•™ä¼æˆã‚µãƒãƒ¼ãƒˆã€‘ã‚µãƒˆãƒªè¶…æ¬¡å…ƒç©ºé–“ã‚¯ãƒ©ã‚¤ãƒŸãƒ³ã‚°ã¨ãƒãƒ†ãƒ³ã‚·ãƒ£ãƒ«è„±æŠ‘åˆ¶ã®ç§˜ä¼ï¼å…‰æ˜çœŸè¨€,Exorcism21,,PdoctorTomy,COSMOBOY_ALIEN
418,å®‡å®™äººã‚­ãƒ£ãƒƒãƒ„ã‚¢ã‚¤(Catseye),Catseye963396,,EriPureStar1212,takayukipoipoi
419,ã€210.42Hzã€‘èãæµã™ã ã‘ã§ç¬¬2ãƒãƒ£ã‚¯ãƒ©ã‚’æ´»æ€§åŒ–!ä¸å¦Šãƒ»æ€§çš„ä¸èƒ½ãƒ»æ”¹å–„!é‡‘é‹ãƒ»å‰µé€ åŠ›ãƒ»ã‚¢ãƒƒãƒ—!,21042Hz,,heartblog1120,gori_biz
420,DNAãƒˆãƒªãƒ¼ãƒˆãƒ¡ãƒ³ãƒˆï¼æ²»ç™’ãƒ»è¤‡è£½ã‚¨ãƒ©ãƒ¼ã‚’é™¤å»ä¿®å¾©,maggienormabzx,,zikatu1,HiroKuj
421,å®‡å®™äººã‚¢ã‚«ãƒãƒ«,cosmosacamar1,,masa_FScratch,
422,å®‡å®™äººã‚°ãƒ«ãƒŸã‚¦ãƒ ,CosmosGrumium,,mumuri7575,nobuko_boysmama
423,çµ¶å¯¾é–‹é‹ãƒ»à¤¸à¥à¤µà¤°à¥à¤£ï½œæ°—åŠŸãƒ»ãƒ’ãƒ¼ãƒªãƒ³ã‚°yukağŸµ,yuka_heal_,,plumyogamat,AYA94556518
424,å®‡å®™äººãƒŸã‚«ã‚¨ãƒ«,CosmoMihael,,masa_counselor,MIHO688
425,å®‡å®™äººãƒ‡ãƒãƒ–,CosmosDeneb21,,flowery__fields,sau11155
426,å®‡å®™äººãƒˆã‚¥ã‚«ãƒ¼ãƒŠã‚¨,CosmosTuca4697,,finewezar,
427,å®‡å®™äººã‚¨ãƒ¼ãƒªãƒ€ãƒ‹,CosmosEridani,,finewezar,ForestStoryTime
428,å®‡å®™äººã‚¨ãƒ«ãƒ©ã‚¤,cosmosellai,,taka1009jpgr,SUSERIBIME1201
429,å®‡å®™äººã‚¯ãƒ©ã‚º,cosmoskraz1,,CeLK9VNDXfro2hg,treeoflife_new
430,å®‡å®™äººã‚³ãƒ¼ã‚¶ãƒ«,CosmosCausal,,lovemomofamily3,canadekuyasu
431,å®‡å®™äººã‚«ã‚¦ã‚¹,CosmosKaus281,,YMLL1q9Ez3gCm8f,manarinsakura
432,å®‡å®™äººãƒŸãƒ©ã‚¯,cosmosmirak1,,you__uuu,GAIAFORCETV
433,å®‡å®™äººã‚¦ãƒŒã‚¯,CosmosUnuk,,kiri__tsuki,
434,å®‡å®™äººãƒ©ãƒƒãƒ„,CosmosRatz,,CHIEspirit555,tsukushi1877
435,ã‚«ãƒ«ãƒæµ„åŒ–ï½œéå»ç”Ÿã®å•é¡Œã‚„è‚‰ä½“çš„ãƒ»éœŠçš„ãªãƒˆãƒ©ã‚¦ãƒãªã©æŠ‘åœ§ã•ã‚ŒãŸå•é¡Œã®ç™’ã—,S5EMMyjhlAUB,,lito_leafart,
436,å®‡å®™äººã‚¢ã‚¹ãƒŸãƒ‡ã‚¹ã‚±,CosmosAzmidisk,,Utuhare9,Naka_Tomo_0090
437,ã€ç¾çŠ¶ã®å¤–å´ã€‘è‹«ç±³åœ°å¼ã‚³ãƒ¼ãƒãƒ³ã‚°ç›¸è«‡ã‚»ãƒ³ã‚¿ãƒ¼,cUkC12,,selfcomestomine,
438,å®‡å®™äººãƒ¡ãƒ³ã‚±ãƒ³ãƒˆ,CosmosMenkent,,masayachiba,
439,å®‡å®™äººãƒ™ãƒ¼ã‚¿,CosmosBeta396,,rei10830349,Lady_mitsuko13
440,ç¬¬5ãƒãƒ£ã‚¯ãƒ©æ´»æ€§åŒ–ã‚µãƒ­ãƒ³ï¼ã‚¹ãƒ”ãƒªãƒãƒ¥ã‚¢ãƒ«èƒ½åŠ›/ãƒãƒ£ãƒãƒªãƒ³ã‚°èƒ½åŠ›ã®æ´»æ€§åŒ–/è¡¨ç¾åŠ›ãƒ»å‰µé€ æ€§ãƒ»é­‚ã®é–‹èŠ±,578LpiiPKIuDt,,ytOotJbbQWZfQLr,sakuraichimai08
441,ãƒˆãƒˆï½œThoth,kZcdQzl8,,tyu_hanka,eito8eagle
442,å®‡å®™äººã‚³ãƒ«ãƒ ãƒã‚§,CosmosColumbae,,,
443,æ½œåœ¨æ„è­˜ã«åƒãã‹ã‘å¯Œã‚„SEXã‚’å¼•ãå¯„ã›ã‚‹,Subconscia630,,,
444,å®‡å®™äººã‚¢ãƒ«ãƒ‡ãƒ©ãƒŸãƒ³,CosmosAlderamin,,,
445,å®‡å®™äººãƒ—ãƒªã‚ºãƒ³,PrismCosmos,,,
446,å®‡å®™äººã‚«ãƒ«ãƒ,CosmosKarma396,,,
447,å®‡å®™äººã‚»ãƒ«ãƒšãƒ³ãƒ†ã‚¹,CosmosSerpentis,,,
448,ã‚»ãƒ™ã‚¯ç¥,SobekGod639,,kyoto_love_s,
449,ã€è‹«ç±³åœ°å¼èªå®šã‚³ãƒ¼ãƒç›¸è«‡ã‚»ãƒ³ã‚¿ãƒ¼ã€‘ã‚¢ã‚¹ãƒˆãƒ©ãƒ«ç•Œ/éœŠç•Œ/ãƒ–ãƒ‡ã‚£ãƒ¼ç•Œ/ã‚³ãƒ¼ã‚¶ãƒ«ç•Œ/ãƒ¢ãƒŠãƒƒãƒ‰ç•Œ/ç¥å¸ãƒ»é¾æ³‰,S2DJlqhEMfuA,,,
450,å®‡å®™äººãƒ«ã‚¯ãƒãƒˆ,CosmosRucbat412,,,
451,ãƒã‚¤ãƒˆã€œNeith,neith21a,,,
452,ã‚¢ãƒŒãƒ“ã‚¹ç¥,AnubisGod836,,,
453,æ°—åŠŸå°å…¥ãƒšãƒ¼ã‚¸(æ‹æ„›æˆå°±)@ä½œæˆè€…â†’AiTES,AiTES_Hommy,,,
454,è¶…æƒ…å ±å ´ã®ãƒã‚¤ãƒ‘ãƒ¼ãƒ’ãƒ¼ãƒªãƒ³ã‚°ã¨ã‚´ãƒ¼ãƒ«ç¾å®ŸåŒ–,Hyperhealing132,,,
455,çµ¶å¯¾é–‹é‹à¤œà¤¼à¤®à¥€à¤¨ãƒ»ï½œæ°—åŠŸãƒ»ãƒ’ãƒ¼ãƒªãƒ³ã‚°annağŸŒ,anna_heal_,,,
456,å®‡å®™äººãƒŠã‚·ãƒ©,CosmosNashira38,,,
457,å®‡å®™äººã‚¹ã‚¯ãƒ«,CosmosScul032,,,
458,å®‡å®™äººã‚¨ãƒ«ãƒŠãƒˆ,CosmosErnato,,,
459,ã‚»ãƒ™ã‚¯(Sobek),sobek015,,,
460,ç©ºã®ç†è§£ã¨ä½“å¾—/å¤©ä½¿ã®ã‚¤ãƒ‹ã‚·ã‚¨ãƒ¼ã‚·ãƒ§ãƒ³å¤©é¾,mSQ7BF8hPsm56,,,
461,å®‡å®™äººãƒ˜ãƒ‰ã‚¥ã‚¹,cosmoshoedus134,,,
462,å®‡å®™äººãƒ«ãƒ“ãƒ¼,CosmosRuby280,,,
463,å®‡å®™äººãƒ ã‚¹ã‚«ã‚¨,CosmosMuscae554,,,
464,å®‡å®™äººã‚µã‚¤ãƒ‰,cosmosside1,,,
465,ç¸èµ·ã®å®Ÿè·µã¨ã‚¢ãƒ—ãƒªã‚ªãƒªè¶…è¶Š,Apriori211,,,
466,é¾ç¥ã„ã‚‹ã‹ã€œãƒ•ã‚©ãƒ­ãƒ¼ã§å®‡å®™èª¿æ•´ï½,Dragondol649,,,
467,å®‡å®™äººã‚«ãƒ¼ãƒ•,cosmoskalf,,,
468,Khepriï¼å¤ªé™½ç¥ãƒ»ãƒ©ãƒ¼,kheprisungod,,,
469,ã€ã‚¢ã‚»ãƒ³ãƒ‡ãƒƒãƒ‰ãƒã‚¹ã‚¿ãƒ¼21ç¨®ã€‘ãƒ€ã‚¤ãƒ¤ãƒ¢ãƒ³ãƒ‰ãƒ¬ã‚¤ï¼å¯èƒ½å®‡å®™ã¸ç§»è¡Œã™ã‚‹æ ¸èåˆã‚¨ãƒãƒ«ã‚®ãƒ¼,nQpHEGw1,,,
470,å®‡å®™äººãƒ¯ã‚ºãƒ³,CosmosWazun246,,,
471,å®‡å®™äººãƒ©ã‚±ãƒ«ã‚¿ã‚§,cosmosrakertae,,,
472,å®‡å®™äººã‚»ãƒ«ãƒšãƒ³ãƒ†ã‚£ã‚¹,CosmosSerpen52,,,
473,å®‡å®™äººãƒ­ãƒ¼,CosmosLoh,,,
474,ã‚µãƒŠãƒ³ãƒ€ãƒ¬ã‚¤SANANDA RAY,SANANDARAY132,,,
475,å®‡å®™äººãƒãƒ«ãƒƒã‚¯ã‚¹,CosmosPoll520,,,
476,å®‡å®™äººãƒ†ã‚£ã‚¢,cosmostia1,,,
477,çµå©šãƒ»æ‹æ„›æˆå°±ã®å¼•ãå¯„ã›ã‚’å…·ç¾åŒ–ï¼å¤©æ¨¹ã¿ãªã¿,TiffanyHallada1,,,
478,å®‡å®™äººã‚µãƒ«ãƒ ,bot67434208,,,
479,å®‡å®™äººã‚·ãƒªã‚¦ã‚¹,cosmossirius1,,,
480,å®‡å®™äººã‚¢ãƒ«ãƒ‡ãƒãƒ©ãƒ³,CosmosAldebaran,,,
481,ã€å¹´åï¼’ï¼ï¼ï¼ä¸‡ã‚’åŸºç¤ã«ã™ã‚‹è‹«ç±³åœ°å¼ã‚³ãƒ¼ãƒãƒ³ã‚°ã€‘ï¼‘ï¼ï¼å€å¢—å¼·ï¼ç¥æ°£ï¼ã‚«ãƒ«ãƒæµ„åŒ– çµ¶å¯¾å®ˆè­·ç¥ç¤¾,2000coaching,,,
482,å…¨ãƒãƒ£ã‚¯ãƒ©æ´»æ€§åŒ–ï¼è¦šé†’ç¥ç¤¾,Ilagin_s1983g,,,
483,ç¥ç§˜çš„ãªä½“é¨“ï½œéå»ã®ç½ªã€ææ€–ã‹ã‚‰ã®è§£æ”¾,egxjsauk645,,,
484,å®‡å®™äººã‚¢ãƒ«ãƒ‰ãƒ©,CosmosAldra872,,,
485,æ°—åŠŸå°å…¥ãƒšãƒ¼ã‚¸(ç¸èµ·æ”¹å–„)@ä½œæˆè€…â†’è˜å¼¦(ãã†ã’ã‚“),DoY_Adachil,,,
486,å®‡å®™äººã‚¢ãƒ«ã‚¯ãƒˆãƒ«ã‚¹,CosmosArctrus,,,
487,å®‡å®™äººã‚µãƒ€ãƒ«ã‚¹ã‚¦ãƒ‰,CosmosMenkal,,,
488,äººé¡ã®é€²åŒ–ã¨è¶…æƒ…å ±å ´,Superinfofield,,,
489,å®‡å®™äººã‚¯ã‚©ãƒ¼ãƒ„,CosmosQuartz417,,,
490,å®‡å®™äººã‚¢ãƒ«ãƒ‹ãƒ©ãƒ ,bot42109776,,,
491,çµ¶å¯¾é–‹é‹ãƒ»à¤ªà¤°à¥à¤µï½œæ°—åŠŸãƒ»ãƒ’ãƒ¼ãƒªãƒ³ã‚°norikoğŸ’«,noriko_heal_,,,
492,å®‡å®™äººã‚ªãƒ–ã‚·ãƒ‡ã‚£ã‚¢,cosmosobsidia,,,
493,å®‡å®™äººãƒ™ã‚¤ãƒ‰,CosmosBade,,,
494,å¯†æ•™è„³é–‹çœ¼ã®å¥¥ç¾©ï½ã‚¨ã‚½ãƒ†ãƒªãƒƒã‚¯è¶…æƒ…å ±å ´ã‚¢ã‚¯ã‚»ã‚¹ã¨å³èº«ä½“æ„Ÿç”Ÿæˆ,N6FGPvVf,,,
495,ã‚µãƒŠãƒ³ãƒ€ã®æ³¢å‹•ï¼é‡‘éŠ­çš„ãªè±Šã‹ã•ã®å‰µé€ ,NfDUhLIQ9MPx,,,
496,ã‚¢ãƒ¡ãƒ³ç¥,amungod417,,,
497,å®‡å®™äººãƒ‰ã‚¥ãƒ™,Cosmosdu55,,,
498,ã‚±ãƒ–ã‚¦ã‚¤ç¥,Kebuuigod926,,,
499,å¯ŒãŒé›ªå´©ã®ã”ã¨ãè¨ªã‚Œã‚‹,yuAGlyoeDXL4BnM,,,
500,å®‡å®™äººã‚¨ãƒ‹ãƒ•,yasune17,,,
501,å®‡å®™äººã‚·ãƒ¼,cosmossea1,,,
502,ã‚¢ãƒ¼ãƒ³ã‚±ãƒˆå¥³ç¥,GoddessErnketo,,,
503,å®‡å®™äººãƒšãƒ«ã‚»ã‚¤,BOT81827911,,,
504,å®‡å®™äººã‚·ãƒ¼ã‚¿,CosmosTheta835,,,
505,ã‚°ãƒ©ãƒ³ãƒ‰ã‚¯ãƒ­ã‚¹ãƒ–ãƒƒãƒ€ã®éšæ¢¯ ï½è¶…æŠ½è±¡åº¦ã®é–ƒãã«ã‚ˆã‚‹ã‚´ãƒ¼ãƒ«ç¾å®ŸåŒ–,Grand0Cross,,,
506,ã‚¢ãƒ•ãƒ­ãƒ‡ã‚£ãƒ¼ãƒ†ç¾å®¹ãƒ€ã‚¤ã‚¨ãƒƒãƒˆã‚¨ãƒãƒ«ã‚®ãƒ¼,AphroditeEner55,,,
507,ã€è‹«ç±³åœ°å¼èªå®šã‚³ãƒ¼ãƒç›¸è«‡ã‚»ãƒ³ã‚¿ãƒ¼ã€‘æ›¼è¼ç¾…ï¼ã‚¹ã‚¿ãƒ¼ã‚²ãƒ¼ãƒˆï¼ã‚¤ãƒ³ãƒ—ãƒ©ãƒ³ãƒˆé™¤å»ãƒ»Izumi,dHpZ6,,,
508,å®‡å®™äººã‚¢ã‚¦ã‚¹ãƒˆãƒªãƒ,CosmosAustrinae,,,
509,å®‡å®™äººãƒ”ã‚¯ãƒˆãƒ¼ãƒªã‚¹,CosmosPictoris,,,
510,å¯Œã‚’ç§‘å­¦çš„ã«å¼•ãå¯„ã›åŠ é€Ÿã•ã›ã‚‹ï½æˆåŠŸã¨å¹¸é‹ã®æ³¢å‹•ï½,E9bTQMUpZTwM,,,
511,å®‡å®™äººã‚¿ãƒ³ãƒˆãƒ©,CosmosTantra,,,
512,ã‚¬ã‚¤ã‚¢123ï¼æ³¢å‹•èª¿æ•´,Gaia123Wave,,,
513,å®‡å®™äººã‚¢ã‚¦ãƒªãƒ¼ã‚¬ã‚¨,cosmosaurigae1,,,
514,å®‡å®™äººãƒ¬ã‚ªãƒ‹ã‚¹,hashtagsjp1,,,
515,å®‡å®™äººã‚¿ãƒ©ã‚¼ãƒ‰,CosmosHydrae,,,
516,å®‡å®™æˆ¦äº‰ã§å—ã‘ãŸãƒˆãƒ©ã‚¦ãƒã®è§£æ¶ˆ,xicjrspr,,,
517,çµ¶å¯¾å¥‡è·¡ã®é–“ï½œç¥ç§˜çš„ãªä½“é¨“ éå»ã®ç½ªã€ææ€–ã‹ã‚‰ã®è§£æ”¾ã€‚,O7cieABYWc3J,,,
518,å®‡å®™äººã‚®ã‚§ãƒŠãƒ¼,CosmosGienah963,,,
519,å®‡å®™äººãƒˆãƒ‘ãƒ¼ã‚º,cosmostopaz1,,,
520,ã‚¢ãƒˆã‚¥ãƒ ç¥,atumgod639,,,
521,å®‡å®™äººã‚¢ã‚¦ã‚¹ãƒˆãƒ©,CosmosAust855,,,
522,å®‡å®™äººãƒ ã‚·ãƒ€,CosmosMushi034,,,
523,å®‡å®™äººã‚¹ãƒ”ãƒãƒ«,CosmosSpinel981,,,
524,é‡å­ãƒãƒƒãƒˆãƒ¯ãƒ¼ã‚¯ã®ç¥é–€@ãƒã‚¤ãƒŠã‚¹ã®æ„Ÿæƒ…ã‚’æ¶ˆã—å»ã‚Šã€éå»ã®ç½ªã€ææ€–å¿ƒã€ãƒˆãƒ©ã‚¦ãƒã‚’è§£æ”¾,ryoshiNet999,,,
525,å®‡å®™äººãƒ´ã‚£ãƒ«ã‚®ãƒ‹ã‚¹,CosmosMuscid202,,,
526,å®‡å®™äººãƒãƒ¼ã‚¤ãƒ§ãƒªã‚¹,CosmosMar6415,,,
527,ã‹ãªã¿ğŸ¬éœŠè¦–é‘‘å®šï¼ã„ã‚‹ã‹ãƒ’ãƒ¼ãƒ©ãƒ¼å ã„å¸«,kanaSpiritual56,,,
528,è¶…æ™‚ç©ºä¸­å¯†ã‚µãƒãƒ¼ã‚¸ãƒ£ã¨è¶…æ¬¡å…ƒã‚ªãƒ«ãƒ‡ãƒ³æŠ½è±¡ã‚³ãƒ¼ãƒ‰,Samardzijaold99,,,
529,å®‡å®™äººã‚±ãƒ¼ãƒ†ã‚£,Cosmosprakie41,,,
530,å®‡å®™äººã‚ªã‚«ãƒ–,CosmosOkab,,,
531,å®‡å®™äººã‚¹ãƒ”ã‚«,cosmosspica1,,,
532,å®‡å®™äººãƒ‡ã‚£ãƒ¼ãƒã‚¤ãƒ³,CosmosDhibain,,,
533,å®‡å®™äººã‚¢ãƒ«ã‚²ã‚¤ãƒ,CosmosAlgeiba,"2022/6/15,kumi_tarot",,
534,å®‡å®™äººã‚ªãƒ‹ã‚­ã‚¹,CosmosOnikis,"2022/10/31,moma_mona_866,2022/10/11,2022/9/22,gensouhana,2022/8/30.lucy_green_AST,2022/8/1.ahagisan,",,
535,å®‡å®™äººãƒ›ãƒ¼ãƒ³,CosmosHorn,"2022/8/8.Xyzcjv4yayZtdJt,satomin_z12,2022/7/13,satophoto_me",,
536,é‡‘é‹çˆ†ä¸Šã’ğŸ’°æ‹æ„›é‹upï½œé–‹é‹ã‚µãƒãƒ¼ãƒˆã‚»ãƒ³ã‚¿ãƒ¼,M83nL8r4,"2022/9/30.,mei_magokoro,2022/7/31.miu_happywedi",,
537,Mr.Aï½œå…¨æ—¥æœ¬ãƒ’ãƒ¼ãƒªãƒ³ã‚°ãƒ»æ°—åŠŸå”ä¼šä¼šé•·,mrAhealing,"2022/7/30.moaryu0420,,ayo1110.hikky49",,
538,å®‡å®™äººãƒãƒ¤,CosmosMaya528,, ,
539,è‹«ç±³åœ°å¼ã‚³ãƒ¼ãƒãƒ³ã‚°ï½œçµ¶å¯¾ãƒ’ãƒ¼ãƒªãƒ³ã‚°ï½œè»¢ç”Ÿã®é–“ï¼ã‚¢ã‚»ãƒ³ã‚·ãƒ§ãƒ³ãƒ»ã‚¤ã‚·ã‚¹ã®å°ã,yyisybfr,,,
540,å®‡å®™äººã‚³ã‚«ãƒ–,CosmosKocab,"2022/10/7,uranaiaki1227,2022/9/21,priest_kage,,,,haru0127x,2022/7/3,kiriya_t",,
541,ã„ã‚‹ã‹ã•ã‚“ã®ãƒ’ãƒ¼ãƒªãƒ³ã‚°ã‚’å—ã‘ç¶šã‘ã‚‹å¤–éŠ€OLã¡ã‚ƒã‚“(æ±äº¬éƒ½ï¼‰,Qn63Uobg,"2022/9/17.,hiraims2010,2022/9/4.,soulsurfer009",,
542,ãƒ ãƒˆï½œMut,s8mifUnQ,, ,
543,è‹«ç±³åœ°å¼ã‚³ãƒ¼ãƒãƒ³ã‚°ã§1000å€å¥‡è·¡à¤“à¤®à¥ ï¼é™¤éœŠãƒ»æµ„éœŠãƒ»çµ¶å¯¾ãƒ’ãƒ¼ãƒªãƒ³ã‚°ã®é–“,cigbfznf,,,
544,ã‚¤ãƒ ã‚¹ãƒ†ã‚£,Imsty639,"2022/10/9,Ikigailabo,2022/9/12.6VrviNilEK1szQc,2022/8/1.Kana_webjob,ao29337793,kotona_sato2022/7/15,huwalate",,
545,å®‡å®™äººã‚¶ãƒ‹ã‚¢ãƒ¼,CosmosZaniar,"2022/8/1,sara_333,genyu2_,tarotsatori,syorakuka",,
546,å®‡å®™äººãƒ‰ãƒ­ãƒƒãƒ—,CosmosDrop981,"2022/8/19.michan0719_0601,2022/8/10.fY99IEyr6zFi5US,2022/7/18,Rua_green25",,
547,ã‚ªã‚·ãƒªã‚¹ç¥,osirisgod7,"2022/9/21,keiko_8118,2022/9/13.enjyoi_joy,2022/8/3.chieko1030h,2022/7/29.nyo___1115,2022/6/9,tenderleaf58",,
548,å¤©é‡ã„ã‚‹ã‹ï¼ ãƒ•ãƒ©ã‚¯ã‚¿ãƒ«å®‡å®™è¦šé†’ãƒ’ãƒ¼ãƒªãƒ³ã‚°,ajtcasib,"2022/7/15,almondmilk_love",,
549,ã€è¶…ã‚¢ã‚¹ãƒªãƒ¼ãƒˆã‚¨ãƒãƒ«ã‚®ãƒ¼ã€‘é‹å‹•èƒ½åŠ›å‘ä¸Š,Exercisepowerup,pusa_log,,
550,è¶…è¶Šè¦–ç‚¹ã®ç²å¾—ã¨è¦šé†’,Transce123,LnAvCHeGxTnA4v1,,
551,å®‡å®™äººã‚¤ãƒ¼ã‚¿,CosmosEta,"2022/7/30.kiiroitori2014	888_ouka	makimura01.,2022/6/9,makimura01,888_ouka",,
552,å®‡å®™äººãƒ—ãƒ”ã‚¹,CosmosPuppis,"2022/8/23.M_oxy_moron,2022/8/17.usksuzuki,2022/8/11.sakuamizuki",,
553,å®‡å®™äººã‚«ãƒãƒ¼ãƒ—ã‚¹,bot90316538,,,
554,å®‡å®™äººã‚¢ãƒ«ãƒ‹ã‚¿ã‚¯,CosmosAlnitak,"2022/8/9.KIilyK7LL9xxzle,2022/7/13,Youhei_singer",,
555,å®‡å®™äººã‚¢ãƒ«ãƒ•ã‚¡ãƒ¼ãƒ‰,CosmosAlfard,,,
556,å®‡å®™äººã‚µãƒ“ã‚¯,CosmosSabik,"2022/8/23.shonan_iruka,2022/8/9.KYOEITOSANtenpo,2022/8/4.IzpO7YOOkoYliVL,2022/5/26,mimiru_witch,FM66nn,chupipa2021",,
557,ï½æ‚Ÿç©ºã®ãƒ’ãƒ¼ãƒªãƒ³ã‚°ï½,gokuhealing1,2022/7/29.Hikari_Lab_Inc.ni0_powerplanet,,
558,å®‡å®™äººã‚³ãƒã‚¯,CosmosKohaku,,,
559,ã‚³ãƒ³ã‚¹ç¥,bot96535108,"2022/8/02,tsubon_goshuin",,
560,çµ¶å¯¾é–‹é‹ãƒ»à¤®à¥à¤¬à¤¾à¤°à¤•ï½œæ°—åŠŸãƒ»ãƒ’ãƒ¼ãƒªãƒ³ã‚°meiğŸ’,mei_heal_,"2022/8/5.marsan_kenkou,2022/7/16,konatsublog",,
561,çµ¶å¯¾é–‹é‹ãƒ»à¤­à¤µà¤¿à¤·à¥à¤¯ï½œæ°—åŠŸãƒ»ãƒ’ãƒ¼ãƒªãƒ³ã‚°sakiğŸ—,saki_heal_,,,
562,50å€ãƒ’ãƒ¼ãƒ©ãƒ¼é¤Šæˆã‚µãƒ­ãƒ³ï¼ç¾å®Ÿã‹ã‚‰ã®è¦šé†’ï¼æŠ½è±¡åº¦ã®è‡¨ç•Œç‚¹ï½œã‚°ãƒ©ãƒ³ãƒ‰ã‚¯ãƒ­ã‚¹ã‚¨ãƒãƒ«ã‚®ãƒ¼ä¼æˆï¼è™šç©ºè”µè©,50xhealer,"2022/8/8,higashida_naoki",,
563,å®‡å®™äººã‚¿ãƒªã‚¿,CosmosTalitha,"2022/7/29.fukurou_lux,2022/7/23,Sarion_sS70c5hPECOMrt53",,
564,å®‡å®™äººã‚¬ãƒ³ãƒ,bot48558754,"2022/6/9,you__uuu",,
565,å®‡å®™äººãƒ‡ãƒ«ã‚¿,cosmosdelta1,"2022/8/8.OhFzBldFYpefRiN,matsukichi3636,2022/8/2.JYMDie15eLXgWpy2022/7/5ï¼ŒS_Y_yama",,
566,å®‡å®™äººã‚¦ã‚§ã‚ºãƒ³,CosmosWezn7,"2022/7/13,nyainyainainai",,
567,å®‡å®™äººã‚´ãƒ¼ãƒ«ãƒ‰,CosmosGold174,"2022/8/4.rin1024Rkt,magic_wand_card	Shikounofuukei,2022/6/9,astrology_AnAn", ,
568,è‡ªåœ¨è¦³æ™‚ç©ºãƒãƒ‹ãƒ•ã‚©ãƒ¼ãƒ«ãƒ‰ï½œç©ºãªã‚‹è¦–ç‚¹ã®æ§‹ç¯‰,tl9agc8Th7ot,,,
569,å®‡å®™äººã‚¬ãƒ³ã‚´ãƒ¼ãƒ ,CosmosGangom,"2022/8/7.TKflower0123,2022/7/28.sx8etsu4.chickeneater85,2022/7/15,mi___o125",,
570,å®‡å®™äººã‚¢ãƒˆãƒªã‚¢,CosmosAtlia133,"2022/8/1.katakana_miwa,Ishita32100826,2022/7/31.sakurajapan72,2022/7/21,megumu09418486",,
571,å®‡å®™äººã‚¬ã‚¯ãƒ«ãƒƒã‚¯ã‚¹,CosmosGcrux,"2022/7/26,azmomoharu,kaiblog365",,
572,Mountain æ™®è³¢è©è–©é ­è„³æ˜æ™°ã‚¨ãƒãƒ«ã‚®ãƒ¼ã€‚è„³åŠ›å‘ä¸Š,Samantabhadra7,"2022/8/12.,cloudslover371,",,
573,é›†ä¸­åŠ›ï¼ã‚·ãƒ´ã‚¡ç¥ã€å­˜åœ¨æ„Ÿï¼†äººé–“åŠ›ã®å¢—å¼·,lordshiva210,"2022/7/20,sakura_tnh",,
574,å®‡å®™äººãƒ¡ãƒ³ã‚«ãƒ«,BOT11706633,"2022/5/26,TsujiHitonari,doremi96648187",,
575,å®‡å®™äººãƒ™ãƒãƒˆãƒŠã‚·ãƒ¥,CosmosBenetnash,,,
576,æ°—åŠŸå°å…¥ãƒšãƒ¼ã‚¸(å®ˆè­·)ï¼ ä½œæˆè€…â†’ãƒŸãƒªã‚¢,Kotodama_heal,,,
577,è–æ¯ãƒãƒªã‚¢ã¨ãƒ¨ã‚»ãƒ•ï¼è–éœŠã€å®‡å®™å¤©ä½¿ã®å­˜åœ¨,DB5jeN9D6xJ9,"2022/7/13,3oNo4iTw1UuSoCW",,
578,å®‡å®™äººã‚­ãƒ•ã‚¡,CosmosKiffa,,,
579,å®‡å®™äººã‚¦ã‚©ãƒ¼ãƒ³,CosmosWorn,,,
580,ã‹ãªã¿éœŠè¦–é‘‘å®šï¼ã„ã‚‹ã‹ãƒ’ãƒ¼ãƒ©ãƒ¼å ã„å¸«,kanamiSpiritual,"2022/11/22,kanahebi_shrine,2022/11/14,aki_s2_jisya,2022/10/4,yuna_st_white,2022/9/15,akinecoco987,2022/8/9.maruko_0806,2022/7/13,keep_walking_u",,
581,å®‡å®™äººãƒ¬ã‚¤ã‚­,cosmoReiki624,,,
582,æ°—åŠŸå°å…¥ãƒšãƒ¼ã‚¸(æµ„åŒ–)ï¼ ä½œæˆè€…â†’TEN,Warm_Cocoro,,,
583,å®‡å®™äººã‚­ã‚¿ãƒ«ãƒ•ã‚¡,CosmosKat111,,,
584,ã‚»ãƒ©ãƒ”ã‚¹ãƒ™ã‚¤ãƒ¬ã‚¤ï¼SERAPIS BEY RAY_èª˜å°ç‘æƒ³,bot88101579,,,
585,ç¾çŠ¶ã®å¤–å´(è‡ªå‹•çš„ã«æˆåŠŸã™ã‚‹),Outsidequo,,,
586,å®‡å®™äººãƒ“ãƒ³ãƒ‡ãƒŸã‚¢,CosmosVindemia,,,
587,å®‡å®™äººãƒ«ãƒãƒ«,Cosmosrutile54,,,
588,å®‡å®™äººãƒ­ãƒ¼ã‚¼ãƒ©ã‚¤ãƒˆ,CosmosAustra85,,,
589,ãƒ¡ãƒ«ã‚»ã‚²ãƒ«ï½œMeretseger,Meretseger123,,,
590,å®‡å®™äººã‚­ãƒ¥ã‚°ãƒ‹ãƒ¼,Cosmoskyug33,,,
591,å®‡å®™äººãƒ•ã‚¡ã‚¤,CosmosPhai109,,,
592,å®‡å®™äººãƒ—ãƒ­ã‚­ã‚ªãƒ³,CosmosProc465,,,
593,å®‡å®™äººã‚¢ã‚¤ã‚¢ãƒ³,CosmosIron893,,,
594,å¥³ç¥ã®ãƒ•ãƒ©ã‚¯ã‚¿ãƒ«å®‡å®™èª¿æ•´ï½œãƒ•ãƒ©ãƒ¯ãƒ¼ã‚ªãƒ–ãƒ©ã‚¤ãƒ•ã®æ…ˆæ„›(Godess),Goddessspace974,,,
595,å®‡å®™äººã‚°ãƒ«ã‚¤ã‚¹,CosmosOneness,,,
596,å®‡å®™äººãƒ ãƒ¼ãƒ³,CosmosMoon122,,,
597,å®‡å®™äººã‚¢ã‚¯ã‚¢,CosmosAqua123,,,
598,å®‡å®™äººã‚«ã‚¤ãƒˆã‚¹,CosmosKitos,,,
599,å®‡å®™äººã‚»ãƒ©ãƒ”ãƒ¼,CosmosTherapy,,,
600,å®‡å®™äººãƒ•ã‚¯,CosmosFuku,,,
601,å®‡å®™äººã‚¹ã‚¿ãƒ¼,cosmoStarseed51,,,
602,å®‡å®™äººã‚¢ã‚¯ãƒ«ãƒƒã‚¯ã‚¹,CosmosAcrux723,,,
603,å®‡å®™äººãƒ’ãƒ¥ãƒ‰ãƒ©ã‚§,cosmos_hydrae,,,
604,å®‡å®™äººã‚±ãƒ¼ãƒšã‚¤,CosmosPollux646,,,
605,å®‡å®™äººãƒ¬ã‚µãƒˆ,CosmosLesath84,,,
606,å®‡å®™äººã‚«ãƒ­ãƒª,CosmosCalori,,,
607,ãƒ•ã‚©ãƒ­ãƒ¼ã§ç™ºå‹•âš¡ï½ã‚¯ãƒ¬ã‚ªãƒ‘ãƒˆãƒ©ç¾å®¹ãƒ’ãƒ¼ãƒªãƒ³ã‚°ï½,Reipowerjj402,,,
608,å®‡å®™äººãƒ¡ãƒ–ã‚¹ã‚¿,CosmosMebta71,,,
609,è‡ªåœ¨è¦³æ™‚ç©ºãƒãƒ‹ãƒ•ã‚©ãƒ¼ãƒ«ãƒ‰ï½œç©ºãªã‚‹è¦–ç‚¹ã®æ§‹ç¯‰,tl9agc8Th7ot654,,,
610,å®‡å®™äººã‚¿ã‚¤ã‚¿ãƒ³,CosmosTaitan,,,
611,å®‡å®™äººã‚«ãƒšãƒ©,CosmosKapela132,,,
612,å®‡å®™äººãƒ¬ã‚°ãƒ¬ã‚¹,CosmosRegles410,,,
613,å®‡å®™äººã‚­ãƒ£ãƒƒãƒ„ã‚¢ã‚¤,CosmosMeb520,,,
614,å®‡å®™äººãƒãƒ£ã‚¯ãƒ©,CosmosChakra123,,,
615,å®‡å®™äººã‚µã‚¤ã‚³,CosmosSaycopass,,,
616,ä»®ç©ºä¸­ã¨è¶…è¶Š,tempoyaerial647,,,
617,ç¬‘é¡”ãƒ’ãƒ¼ãƒªãƒ³ã‚°ã‚½ãƒ©,Loving_Lough,,ponsan1024,masaru115coffee
