,0
0,-
1,raisusarada
2,tani_46_chr
3,-
4,su3_affiliate
5,-
6,-
7,IGAEMONblog_
8,-
9,momo_onnadou
10,-
11,photomappi
12,utatane_nemui_
13,-
14,6Twe9s1Z9CuUxSY
15,1001aka1
16,"nora_boku, sasutahikojinja, personslink"
17,-
18,rknote_
19,-
20,shika_hsp
21,-
22,oniwaneko
23,-
24,"tabasaporushek1, bndVDJqi970J7Td"
25,toa_kaiun
26,-
27,masa_counselor
28,-
29,gwZXezcxeeM9lki
30,md7gjtpz
31,-
32,-
33,haregasukii
34,-
35,mayuyu9728
36,-
37,"gShPgGNoooFEXA2, hsshspKako"
38,suzu0358
39,-
40,kyototime_jpkyototime_jp
41,yukarikokoroful
42,-
43,-
44,lovehealingch
45,-
46,-
47,roseno10
48,-
49,seirei_aki
50,-
51,e_photo_studio
52,-
53,kanaoda74
54,hirokim21
55,-
56,XblIijLk69IX7CE
57,-
58,-
59,merukaku
60,-
61,"Match_Books, kuri_sss303"
62,Match_Books
63,koenji_hikawa
64,-
65,SaunaLico
66,"takayan_kokoro, Michael97024561"
67,"2022/10/28, 2022/10/14, Aoboshi_Hari, 2022/8/13, 2022/8/3, disclosures_jp"
68,yukiyuki3yuki
69,-
70,higuchimasakazu
71,-
72,hukuen_megami
73,"takeda_bishi, nj4a7Eb7pGAGHm7"
74,izuena11
75,-
76,-
77,ryugu_tamayori
78,PPosaune3
79,assy0209
80,-
81,-
82,pakuchaaa_
83,-
84,positivediary32022/12/9
85,IakemiH
86,stelladesu
87,2022/12/2
88,-
89,-
90,3Bo6iY3pdLOHvMl
91,arakihisako
92,-
93,ts19780322
94,-
95,KONOSUBA_BLUE
96,boardman199997
97,katiuma889
98,Aosaki_0826
99,-
100,gerogeroR
101,-
102,rirarinrin12
103,7000sal
104,-
105,redpino346
106,-
107,Yura10moon
108,-
109,saya_CRO
110,-
111,yuki_money_con
112,-
113,lkArKqLzAvYbkv5
114,burubur56030897
115,-
116,1952oyaji
117,-
118,-
119,"buddismyuta, siawase17"
120,homuraakemihomu
121,marina_merkigyo
122,-
123,queen_tomo3
124,-
125,9YUPmHxdkAMqc4f
126,"9YUPmHxdkAMqc4f, Arundel_shop"
127,pxreina
128,nattu_investor
129,-
130,"eboli_ef, mimineko_0406"
131,"kpwozvnIN6RDhpJ, iAqvCfK9EOr3jJl"
132,"jinjabukkaku, soccer991"
133,mimineko_0406
134,pri70892395
135,-
136,1129bruce
137,Maku_ring
138,-
139,reonuranai
140,-
141,"ayaka_obara614, kaminari0429"
142,yamato_122416
143,-
144,takubomay
145,"acky_happy, 2022/10/17, asakusajinja, 2022/7/28, gandhi_house"
146,djaoi
147,-
148,tarchannet
149,-
150,hachio_ha
151,-
152,takako39a
153,-
154,IkukoiB
155,gajumaruu_s
156,-
157,ELwUI0UFKEzIJdK
158,-
159,-
160,yukariATL
161,kusapooh
162,-
163,-
164,-
165,-
166,CRSpkBgM8tYkliS
167,-
168,yoshi_koumuin
169,kokoro_express
170,Shukatsu_0707
171,-
172,"ryoka_sei, Kazuto_mmm2022/7/30"
173,y92953732
174,-
175,luciferz0730
176,-
177,hidehiro_yuzu
178,-
179,-
180,rei0627_a6400
181,AyumuSales
182,"rei0627_a6400, lovekrtekajezek"
183,mkestyar
184,-
185,"mooboocock, shiraishi1taka"
186,yutaka_account
187,-
188,-
189,"takasanvoice, kaiun369"
190,"AkagiKanun, shimogamosalon"
191,legaprand
192,piyopiyostory1
193,-
194,akpapa_family
195,-
196,Mojalaki
197,nagasakikanko
198,-
199,"kamo_afuii, aoi_monetize"
200,"Genkideyosi1007, fruitscookiepie"
201,takehito_miya
202,-
203,2022/7/29.CobraThePortal
204,-
205,"autumn_moon47, dGMNkFT3bQeLcYs"
206,yukarin808
207,-
208,boku_lifehack
209,-
210,eiji_imaoka
211,"Bj2zH, 8383_mats, y5G4bBKR7XDuY9d"
212,PONTAMAO
213,-
214,"choshiryo, nagiseikatu"
215,Trans_Blue0630
216,-
217,"hachapin2, fucchi_bachi8"
218,NARUMIN_com
219,-
220,mita3_
221,-
222,EZJapanese
223,-
224,Yasuyukimatui
225,-
226,hachimitsu2022
227,-
228,michi_uranai123
229,"Omapro528, mana_advisor, ryufreelife"
230,etokyojam
231,-
232,2no2no06170515
233,-
234,saso_______unko
235,-
236,eki_no_mokuroku
237,-
238,Sherpa_KamoYuki
239,eiseibunko
240,-
241,jack_cho_bot
242,zaki_invester
243,hbssPYaQq5LW
244,9f9
245,-
246,mattya_melon
247,-
248,takane76639385
249,MrBobomaru
250,-
251,yoshi1204no7
252,DenTaichi
253,-
254,YukiSubsc
255,-
256,yuitarot
257,-
258,nekomarukoharu
259,-
260,ak_o114
261,-
262,-
263,"ysk_detox, v1vfWiQcOnLrNzN, mom_ac_hearcure"
264,-
265,mental_0815
266,-
267,yattarou_shingo
268,andore_prince
269,-
270,TOYU_morikawa
271,ii_museum
272,-
273,tyuppi0
274,-
275,"70days4f, SmileSmile_JP, s_sadsm"
276,-
277,yamotomahiro
278,EQNWEjWWoYq0Gxk
279,astrogeometry
280,Framboise_305
281,DJ_aoi
282,-
283,Aki8ma_3
284,-
285,zekkie_0311
286,shun_chan20
287,nekotokotetu
288,-
289,motoyassr813
290,-
291,thistlebluemoon
292,gosyuintaro
293,-
294,543life
295,-
296,-
297,dokuoyakaidoku
298,ReikaSpiritual
299,-
300,-
301,kihonokasi
302,-
303,-
304,"teraoka_ganzan, NjXFI343s9SzE3d"
305,OCSupertones
306,-
307,-
308,ShogoMiyauchi1
309,-
310,whatmovemyhear1
311,YXUIRAIH
312,-
313,"ryohin_jp, pA2rv7F9advpQLr"
314,-
315,jyoukouin
316,-
317,seiseisei_11
318,wotakumame
319,-
320,Sara11Sakura11
321,mo1stmemory
322,-
323,twi_jinjya_
324,fukugyou00
325,-
326,-
327,hinanottie
328,-
329,-
330,TheFlowRin
331,-
332,lisaco7567
333,kaori_odoru
334,mamislow
335,-
336,asset_deka
337,-
338,-
339,eleven_s_s
340,-
341,pua_sanji
342,-
343,kkym_yukiko
344,-
345,shiki3u
346,Mayu_0chan
347,-
348,"sps03210301ayk, OUBAhLURUBr9YSq, ogu_hachiman"
349,htma1102
350,"shimizumari, 2022/9/6, 2022/7/28, 2022/7/14, time720"
351,6SYAKU_HOUSHI
352,-
353,8zUAhV8vGFfdjQU
354,-
355,sora_snsm
356,-
357,nishiccoli
358,-
359,eraku2020
360,ishikirishrine
361,-
362,"ichimatsu666, mamaguide3"
363,bakunakioji
364,-
365,-
366,uunaar_fz1025
367,"2022/8/29, starry_sky_cm"
368,kannoyo
369,-
370,monamick30
371,-
372,Takeshi63280322
373,-
374,834ta
375,-
376,asuka_uranai3
377,-
378,-
379,light_moon_7777
380,-
381,kitsunetotanuko
382,-
383,"koji_counselor, 3moc6chiy9"
384,"blumen8783, kazu_free116, 2022/12/5, enge_konnan, ifjXo6O0xE040ve"
385,kogaranatenpa_y
386,-
387,ohigas_natsuba
388,-
389,-
390,"tmaxy01, kuma25n"
391,"rei_zero21, CamuiAtu, Shwww9936"
392,noroi777
393,-
394,mainichi_ugoku
395,ransedoukoukai
396,-
397,-
398,"emmi__chan, kantama3_112"
399,DangaiMisaki
400,machiko_blog
401,-
402,"bambi_amor4, arato_san"
403,ON07161
404,-
405,sawauranai4
406,kanjihirota
407,"hinato_125, Denny_Fujimoto3"
408,TanzanJinja
409,-
410,yukitomorinokoe
411,-
412,kuro96_sns
413,-
414,kotohanohondana
415,-
416,gedokuyuko
417,-
418,yamato_3312st
419,PQR14
420,-
421,natsu_aomori
422,ren_snsmarketer
423,-
424,shiawasesaku3
425,-
426,cOm6O0xOOWWG7Dw
427,lise_tarot
428,syun_ka_syuutou
429,-
430,-
431,snpp75
432,NAKED_STAFF
433,-
434,-
435,kato_taizo
436,okabe_tetsuro
437,-
438,tachibanahime07
439,-
440,OxMnr
441,-
442,zen_LifeHack
443,-
444,INTERNET_nannn_
445,ErinTachibana
446,-
447,-
448,earn369
449,-
450,choco_mnk
451,shitanatsu
452,-
453,aquos_developer
454,-
455,haruyuki031
456,-
457,h9_crm
458,"sasacchi_y, living_707"
459,mitsu20190908
460,-
461,yoshihama_t
462,-
463,soyokaze_2
464,-
465,rairai_happy_
466,-
467,UTW12Kmckb2hWLU
468,-
469,distance_rino
470,4nxv8H7SpyRJVJT
471,"widebrightstar, 2022/10/7, 2022/9/12, 2022/9/8, utsubo_u2bo"
472,shin99419
473,-
474,"kazu_xyz777, commu_saori"
475,kyoro_e_pl6
476,-
477,ruri_yokuko
478,-
479,-
480,"TUBE35990256, nanana65455973"
481,riku_watabe
482,-
483,hisako_aoibara
484,-
485,ken_life_change
486,-
487,shikamarurobo
488,-
489,-
490,"2022/5/26, Tsurigane_mushi"
491,nittan_nittan
492,-
493,asuka_blair
494,-
495,flowerwhitesun
496,-
497,-
498,"capri_classica, TakeUshiku"
499,"yoshioka1632, 2022/8/30, 2022/8/3, 2022/7/30, Robert_6810_"
500,EcbX5UHTDfUHWpi
501,-
502,"linne_flower, katotaizobot"
503,Japanese_hare
504,-
505,"tomozou_imaore, rin_yumegiwa"
506,9O26ttdX7jMUMdB
507,21wds
508,-
509,-
510,k_fortune_
511,-
512,"smiley_guidance, asaka_mystery31"
513,-
514,black_spray55
515,-
516,azusagakuyuki
517,-
518,LUGDRyfbT4eyMhN
519,-
520,nglfld
521,eharahiroyuki
522,HayatoSuzuki11
523,uenotoshogu
524,-
525,sakone_shogen
526,-
527,noachann__oO
528,yusan26180810
529,mido_jigyo
530,-
531,gosyuin_kana
532,bozu_108
533,-
534,-
535,omairichannel
536,-
537,Isseki3
538,-
539,Toy__e
540,-
541,miyabi07070
542,moka_066
543,-
544,yuyutasmile
545,enaw879sub
546,-
547,-
548,-
549,heartblog1120\tgori_biz
550,liliy_hsp_free
551,-
552,nwdHquHrTlzzyCR
553,-
554,maaaya_zzz
555,-
556,tNw69ESmwTlPs1v
557,-
558,North_ern2
559,-
560,"Hi_DesignFocus, Sen_taku_yasan, GsinOyaji"
561,TravelFamilyPal
562,-
563,Ouka091117
564,-
565,akasayiigaremus
566,-
567,realuspi
568,-
569,finewezar
570,"yukimusi1809, rika0305rikisan"
571,ForestStoryTime
572,koyo_my
573,-
574,meiem326
575,-
576,-
577,l5RbdIcC6CDPOq9
578,-
579,SUSERIBIME1201
580,-
581,YMLL1q9Ez3gCm8f
582,freelance_yasu
583,mekasetsuko
584,-
585,alohalanipie_hi
586,-
587,no_idea_akira_m
588,lito_leafart
589,you_sns_eigyo
590,-
591,chocolat_psyder
592,-
593,t_kuma_upbeat
594,-
595,HirokoMiyamoto7
596,-
597,tyu_hanka
598,jkbnx
599,-
600,todaiji
601,-
602,TO0313KKO
603,-
604,hinaren19
605,-
606,marupi11y
607,-
608,p2XDIcfBHlVfnNP
609,-
610,"junya_ikd, iruma7788"
611,Kakorichi8726
612,"2022/11/28, 2022/10/15, 2022/10/12, 2022/10/3, 2022/9/12, naturalpastel74"
613,sho_netbiz
614,-
615,Purrinnnnnyanko
616,k_tamago_power
617,"hanakija38, hukuen_kiriko"
618,romajunko123
619,_Gold_Requiem
620,-
621,hachimanshrine
622,matsu25612
623,misakominami
624,-
625,seisei19790706
626,-
627,wanho_book
628,-
629,"2022/11/14, 2022/10/13, 2022/10/11, 2022/9/13.ushijiro_umada, 2022/8/3.hiyokodayo13"
630,-
631,koganemushiwa
632,spihealing
633,RYOJI_PORSCHE
634,-
635,"hiyoshi_jinja, yoshikawa8izume"
636,"2022/7/23, SceneryFavorite"
637,-
638,moon666Younyan
639,-
640,usogoto
641,"2022/7/30, tatsu_oku, 2022/7/27, mentaru_33"
642,rsfukuchan
643,-
644,Ukki2019
645,ADHD_MACHINE
646,-
647,"tsuiokuno1, umibenisumitai"
648,honeybunnieshub
649,-
650,m_turedure
651,"0LfFK0zoxNkWOIm, moyori_35"
652,shinkiyoh
653,-
654,yuyu_pakupaku
655,-
656,taromyoo
657,"nogijinja_miko, iizuka_reibay"
658,"2022/11/28, 2022/8/18, 140words_recipe"
659,kmotohiro
660,-
661,hacchin1234
662,ZP796sXrxBciicw
663,-
664,harurasmile
665,-
666,xxxjojo310xxx
667,-
668,-
669,"no53go, POEMI00001"
670,ESQXeRaJCahzuk1
671,botanicalhart
672,-
673,200cmyk
674,-
675,nobuaki2711
676,"Girrafe24, YUKINOWILL"
677,kenken_blog
678,-
679,i_am_daishi
680,-
681,gttr4500
682,grapeand_story
683,gttr4500
684,enchantoyou
685,-
686,"aokiachievement, coach_watanabe"
687,RHN25252022/11/28
688,"2022/9/2, myself32sp"
689,mitsuminejinja_
690,-
691,-
692,-
693,sabotage1113
694,AdlerSalon_man
695,-
696,-
697,_coco_007
698,"mikikai2, kokoroyutakaniT"
699,"mocchi_pri, uraotoworld"
700,-
701,sohdai_SENSAI
702,tadanohikiniku
703,-
704,takeshi04031
705,iku_kosei449
706,tomo_sedori2
707,-
708,gobo_biz
709,-
710,yubeshichan300
711,"2022/8/2, kii_voielactee"
712,siki358358
713,-
714,anlabo_official
715,-
716,emu_konkatsu
717,"2022/5/26, myannta69"
718,-
719,kOADXUbNAiDqBG5
720,nao63013944
721,yu_2005_0503
722,-
723,TETSU_aaa
724,-
725,NE6PofR1Ns35VEk
726,-
727,myon_344
728,"RIPSLYME5, katakana_miwa, Ishita32100826"
729,Reiwachan_JP
730,-
731,25aihime25
732,-
733,ashbrown1177
734,-
735,sayaka_phd
736,-
737,misiru_
738,toshibunbun
739,-
740,matsu_f16
741,-
742,YMidori35
743,-
744,__fumie0000
745,-
746,fu_kyu_
747,-
748,lulai_lune
749,arai_LD
750,rina34_business
751,-
752,"towa_wellbeing, 8Tj6NpuIfCMwEYO"
753,uranai_uozaa
754,Bs_Hachi
755,-
756,onoderablog
757,-
758,flat_0825
759,-
760,EriPureStar1212
761,magarin_niko
762,-
763,finewezar
764,BUdhiSQgjmgiLbH
765,-
766,otokohone23
767,cocopics_tsa
768,-
769,kuu73114
770,"yuni_lovemyself, KahokoTsunezawa"
771,senkonman
772,-
773,oracletaro
774,-
775,kanazawa_shrine
776,-
777,25_ni_ko_
778,tryskw
779,-
780,2ndjungo
781,-
782,gororin_dararin
783,"1shinchan6, goshuinchou"
784,piyo_happyoko
785,-
786,adgopwpm
787,-
788,moririnlabo
789,-
790,-
791,FloraCarpediem
792,-
793,Yuiphoto888
794,wasurenagusa_28
795,pokari_chan_
796,-
797,-
798,wayu_jiyu
799,"hiro_signore, KIYOHAR13911665"
800,-
801,Cristoforou
802,-
803,sin777_24
804,-
805,cobraptl
806,23jinomimizuku
807,-
808,-
809,-
810,-
811,kazuki_honya
812,-
813,yuridesign_vn
814,"Akirin18, komaList0311, Rururuu_0406"
815,"CS60osaka1, kashiwagi84"
816,sakamotomisuzu
817,-
818,-
819,-
820,toyokunishrine
821,-
822,"sunwindowhana, kumejirouskume1"
823,"2022/10/14, 2022/10/11, 2022/9/27, 2022/8/23, tamagowomusita"
824,-
825,spi_uranai01
826,ooya_jumasy8
827,"yuka_nexwave, 2022/11/28, KASUGASHRINE"
828,-
829,"ADHD_O_chan, 1/9, 2022/11/28, 2022/11/7, 2022/10/30, 2022/10/24, MomomoM_m1"
830,-
831,Maruku_1705
832,-
833,-
834,oda1582_revival
835,-
836,AiAKIRA021077
837,-
838,-
839,-
840,"2qiaLo, manami_body, 1/6, 2022/12/27, 2022/12/8, Monjiro_2017"
841,yurika10311
842,-
843,nanavoice222
844,-
845,philosopium
846,-
847,-
848,pana_riman
849,-
850,-
851,-
852,seimeijinja
853,haruobb
854,gishigaku
855,-
856,oki_1192kenko
857,LpXk6
858,"lilacblueblue, Takadakavoce"
859,-
860,zenji_nio
861,aoejinja
862,"koshian_chiba, kaedechann3"
863,-
864,uranai_yagizaa
865,mako0350
866,"2022/9/17, Kiuiage, hireakiju68"
867,-
868,-
869,-
870,crystalsnow263
871,-
872,-
873,-
874,-
875,-
876,oneday_onelife8
877,-
878,kikiiiiy0901
879,-
880,-
881,satoko_blessyou
882,saeligood
883,-
884,-
885,-
886,-
887,VtuberRena
888,-
889,chirori_san
890,coco_369_
891,"Carriekonkatsu, shiningerikafo1"
892,goph_
893,-
894,"ort100sup, meidiamond, 333twinray"
895,"yoshiminpower, hotaka_tsukada"
896,-
897,"koichi_kawakami, mahide8"
898,nanami00463354
899,"e98SnMZJchhlqjt, 2022/8/8, miurennrenn"
900,-
901,"nakisyozyo, 1/9, 2022/12/17, 2022/11/28, 2022/11/23, kamihito_kotoba"
902,-
903,-
904,kifunejinja
905,"sadamasa_mori, aya_gokigen"
906,renai_teacher1
907,-
908,mayumiya_mikako
909,-
910,okage_arigataya
911,-
912,MA1YU5MI
913,yu_invester
914,-
915,yulangtal
916,-
917,shibasaki_art
918,adafklpp
919,"maccya_book, uranai_sasoriza"
920,akohodge
921,-
922,"junya_ikd, iruma7788"
923,Kakorichi8726
924,"2022/11/28, 2022/10/15, 2022/10/12, 2022/10/3, 2022/9/12, naturalpastel74"
925,sho_netbiz
926,-
927,2ndjungo
928,-
