,最新,30日前,60日前,90日前,180日前,360日前,エラー
0,hirotajinja,,,,,,toki_mental
0,,,,,,,raisusarada
0,,,,,,,lovemomofamily3
0,,,,,,,echigo_shiro
0,,,,,,,
0,,,,,,,
0,,,,,,,"photomappi, onna_sennin, ubokataFLF"
0,,,,,,,"6Twe9s1Z9CuUxSY, 1001aka1, nora_boku, sasutahikojinja, personslink, KenjiSpirit24"
0,,,,,,,
0,,,,,,,
0,,,,,,,
0,"toa_kaiun, samishow2021",,,,,,"tabasaporushek1, bndVDJqi970J7Td, konoha_happy, kanon_happy_nm, Ortho_FL"
0,,,,,,,
0,KanamiTsuno,,,,,,"soraplaza, gwZXezcxeeM9lki, md7gjtpz, flower_railway"
0,,,,,,,
0,,,,,,,"Horus330, haregasukii, sabotage1113, kamitonotaiwa_, MD_BLACKmd7"
0,,,,,,,
0,hs8w10,,,,,,"nanagoro_rhbr, gShPgGNoooFEXA2, hsshspKako, Mr_Scary_1224, Stm_Artaroma, sekai___fukei"
0,,,,,,,"kyototime_jpkyototime_jp, kagurahikaru"
0,,,,,,,
0,,,,,,,"yurie7788, zibunwosukiniA"
0,,,,,,,
0,,,,,,,
0,,,,,,,solaritaservice
0,,,,,,,neontetora555
0,,,,,,,"_miwa_akihiro, kanaoda74, sa0choco"
0,,,,,,,
0,,,,,,,
0,,,,,,,
0,,,,,,,"kyoto_gooujinja, Match_Books, kuri_sss303, amrita_tweety, Match_Books"
0,,,,,,,"SaunaLico, takayan_kokoro, Michael97024561, 10/28, 10/14, Aoboshi_Hari, 8/13, 8/3, disclosures_jp, AKB68BABAA, Bir30Satoshi"
0,,,,,,,
0,,,,,,,"hukuen_megami, takeda_bishi, nj4a7Eb7pGAGHm7, nyankomisaki"
0,,,,,,,
0,,,,,,,"ryugu_tamayori, miimiistargazer, PPosaune3, 52GoldenAge, Owari7No, mainichi_unsei1"
0,,,,,,,"zeusu_sub, soubi_rose"
0,,,,,,,
0,,,,,,,"s_i_s_i_n, positivediary312/9, 12/2, IakemiH, bluesea0704, mithrilweb, asumisumu11, HAL_mind, yukiloveangel, fukusuke1008, stelladesu, aika_nishihara"
0,,,,,,,"QueenARZ, hiro_meditation"
0,,,,,,,"3Bo6iY3pdLOHvMl, ZPXg3De1KZP3O9g, xrBY5gsRJXZEUh5"
0,,,,,,,
0,,,,,,,"amxhrssg, KONOSUBA_BLUE, boardman199997, higuchimasakazu, katiuma889, kisyo_kudoku_22, ohmiya_a_photo, kaiun69"
0,,,,,,,
0,0424kikumon,,,,,,"RealAsperger, rirarinrin12, rirarinrin12"
0,,,,,,,
0,,,,,,,"sayakauranaishi, Yura10moon, purposei168"
0,,,,,,,
0,,,,,,,
0,,,,,,,"58atsushi0426, lkArKqLzAvYbkv5, dokutyandaaaaa"
0,,,,,,,
0,,,,,,,
0,kazemichi2life,,,,,,"kashima_jingu, homuraakemihomu, 2020kimi, buddismyuta, siawase17"
0,,,,,,,saiyoking
0,,,,,,,"9YUPmHxdkAMqc4f, 9YUPmHxdkAMqc4f, Arundel_shop, xo0wazAknNiVEYI, hbssPYaQq5LW9f9, pxreina, Tokiuku78"
0,,,,,,,"mimineko_0406, eboli_ef, mimineko_0406, kpwozvnIN6RDhpJ, iAqvCfK9EOr3jJl, makiko_photo, shironekomofumo, jinjabukkaku, soccer991, GxGGjjJl0VNh2e8"
0,,,,,,,"snow3999, 1129bruce, kurihara1975"
0,,,,,,,
0,,,,,,,"ayaka_obara614, kaminari0429"
0,,,,,,,"HNcsfp, acky_happy, takubomay, 10/17, asakusajinja, XRktJy1YSirGexr, mahounokikikata, 7/28, gandhi_house"
0,,,,,,,"kuukansugoi, sigekiti_takata"
0,ariorihaberi_im,,,,,,"yasulog2, waccel_academy"
0,,,,,,,sps823n
0,,,,,,,"yukinoko811, IkukoiB, njApKekhi8Hjp1R"
0,,,,,,,
0,,,,,,,Bopepo1
0,,,,,,,"yukoegaomaker, yukariATL"
0,,,,,,,this_is_hotoke
0,,,,,,,"mi_ji_me, tninnaka"
0,,,,,,,"komorebi_daiki, wQ68I63TqMJ8s3K"
0,,,,,,,
0,,,,,,,"ooya_jumasy8, yoshi_koumuin, TOMMY19989353, kokoro_express"
0,adhdsavetheplan,,,,,,"uranai_kanizaa, urara_hoshii, ao_kawakami, ryoka_sei, Kazuto_mmm7/30, y92953732"
0,,,,,,,
0,,,,,,,
0,,,,,,,
0,,,,,,,"rei0627_a6400, lovekrtekajezek, rei0627_a6400, AyumuSales"
0,,,,,,,"mooboocock, shiraishi1taka"
0,,,,,,,
0,,,,,,,"takasanvoice, kaiun369, AkagiKanun, shimogamosalon, ruu_fight, wcs_lead, JUfIc9lLuwr3sJP, 1227kazahana, legaprand, ikuradesign1375, Yui_sns_31"
0,,,,,,,
0,,,,,,,"new_rakuen, Kazu_Prayer, Mojalaki"
0,,,,,,,"kazusan333, kamo_afuii, aoi_monetize, Genkideyosi1007, fruitscookiepie, LatinCartier, umidaisukisas"
0,,,,,,,"7/29.CobraThePortal, hii29227409"
0,yukarin808,,,,,,"raka56808441, autumn_moon47, dGMNkFT3bQeLcYs, I9NI6P2Y5R8WLnv"
0,,,,,,,
0,,,,,,,"49kuukan0517, Bj2zH, 8383_mats, y5G4bBKR7XDuY9d, eiji_imaoka"
0,,,,,,,"choshiryo, nagiseikatu"
0,yuki8marketer,,,,,,"uranai_musubi, hachapin2, fucchi_bachi8, saiko110420022, SakitaShiori"
0,,,,,,,
0,,,,,,,
0,,,,,,,
0,,,,,,,
0,,,,,,,
0,,,,,,,
0,,,,,,,"riko_04photo, yumecoco05"
0,,,,,,,"hanamar79700561, VieDiamant, 59hika"
0,,,,,,,"mgb1717, Sherpa_KamoYuki, daisuke12w"
0,,,,,,,"mokojiinosu, jack_cho_bot, zaki_invester, hbssPYaQq5LW, 9f9, sid_vi_wing"
0,,,,,,,nanachan3168
0,,,,,,,"ih0701chibi, tesschiy, takane76639385"
0,,,,,,,"yoshi1204no7, DenTaichi"
0,,,,,,,
0,,,,,,,
0,,,,,,,
0,,,,,,,
0,,,,,,,
0,,,,,,,"gin_sneaker, ysk_detox, v1vfWiQcOnLrNzN, mom_ac_hearcure"
0,,,,,,,
0,,,,,,,"miya_freelance, yattarou_shingo, USj06, chiko030828"
0,,,,,,,"tsushimacat, Atom_aiai, XIZ3Te42NA7sJTR, wjproducts1, TOYU_morikawa"
0,,,,,,,
0,,,,,,,"s_sadsm, 70days4f, SmileSmile_JP, s_sadsm"
0,,,,,,,"Framboise_305, yamotomahiro, EQNWEjWWoYq0Gxk, sanrin_hikiyose, astrogeometry"
0,,,,,,,
0,,,,,,,"nakashima001, zekkie_0311, shun_chan20, motonoshymiaka, nekotokotetu, motonoshymiaka"
0,,,,,,,"motoyassr813, "
0,,,,,,,"ReiTS14, thistlebluemoon, gosyuintaro, hagi880, mizuame__photo, waonm07"
0,,,,,,,TakefumiKimura
0,15_uranai,,,,,,matsuokamayu8
0,,,,,,,"kotohanoko, dokuoyakaidoku, Rio_0728co"
0,,,,,,,"Lookintothebox, poo35466865"
0,Maymei5555,,,,,,
0,,,,,,,
0,,,,,,,"keika_mia, teraoka_ganzan, NjXFI343s9SzE3d, wakannnaindesun"
0,,,,,,,daichi_u_
0,,,,,,,
0,,,,,,,"kirei_huukei184, whatmovemyhear1, whatmovemyhear1"
0,,,,,,,"nanami2go, ryohin_jp, pA2rv7F9advpQLr"
0,keyplayers,,,,,,"_pryo_, jyoukouin, chijimi2021, Shindo21557572, asitanodeai, hikikomoridas"
0,,,,,,,"wotakumame, seiseisei_11"
0,"mo1stmemory, Pluto_Te1029",,,,,,"fortune_5906, Sara11Sakura11, mariaaa3210"
0,,,,,,,"twi_jinjya_, Casper95259831"
0,Leo_Char_32,,,,,,
0,aika6868,,,,,,"UKIJCvL2A3BVWCO, AkihiGFL2022, Ichiph, takeshi_zzz"
0,,,,,,,
0,,,,,,,
0,,,,,,,"kaori_odoru, lisaco7567, Sinitai_zamurai"
0,,,,,,,
0,,,,,,,
0,,,,,,,fumu_moku
0,,,,,,,memo5paper
0,,,,,,,"YXUIRAIH, kkym_yukiko, teako_survivor"
0,,,,,,,shiki3u
0,,,,,,,"nagare_aotsuki, shimizumari, sps03210301ayk, OUBAhLURUBr9YSq, ogu_hachiman, ojisansuhi, syamantaka, dp_9c8, bahtwi_, htma1102, 9/6, 7/28, 7/14, time720"
0,,,,,,,
0,,,,,,,
0,,,,,,,
0,IElYjfZ1TM9WZJd,,,,,,"eraku2020, ishikirishrine, oE7NUJAR5rgYc2m, rainbow_blue7, k_sakai1005, Pondmum1Mum"
0,,,,,,,"paw_stargazer, ichimatsu666, mamaguide3, phrayuki"
0,,,,,,,
0,,,,,,,
0,,,,,,,chaff3sai
0,,,,,,,"okaka365, Takeshi63280322, Takeshi63280322"
0,,,,,,,MasudaAkira6
0,,,,,,,ring6565
0,,,,,,,"SpiritLuca8, waikenjoy2"
0,,,,,,,
0,,,,,,,"beee80061643, _eboshi134, Doihongou, Ichiph, takeshi_zzz"
0,,,,,,,"JsVgjPCXsP2e3GR, blumen8783, kazu_free116, koji_counselor, 12/5, enge_konnan, 3moc6chiy9, mai__freelance, mk19900107, cohiroooocohiro, ifjXo6O0xE040ve"
0,,,,,,,haru_2111
0,,,,,,,
0,kkkyonhpl,,,,,,"hananichi8721, rei_zero21, CamuiAtu, Shwww9936, tmaxy01, kuma25n, Poche77085714"
0,,,,,,,"EiNaka_GADHA, mainichi_ugoku, Gzbv0P2D73zl0i8"
0,,,,,,,yukamm7
0,,,,,,,"alpha_thankyou, DangaiMisaki, emmi__chan, kantama3_112"
0,,,,,,,"bambi_amor4, arato_san, utsu_battle"
0,lovemiporinlove,,,,,,"oikawa_yukihisa, sawauranai4, kanjihirota, hinato_125, Denny_Fujimoto3, yumiman4, kittywh84693348"
0,,,,,,,"sakurayuki_18, yukitomorinokoe, haruna3369"
0,,,,,,,macchin1031
0,,,,,,,"cafelattelike1, zbWKZT9eo2jBqGI, chickeneater85"
0,,,,,,,
0,no0point,,,,,,"fy6sdgx7AGH6AHg, yamato_3312st, kanagawa_Aki, GreatCornMan, Nick29291118, SATSU_MA_IMO"
0,,,,,,,"musashi_soka, DaiFit4, kiwafuyutsuki, natsu_aomori"
0,,,,,,,
0,,,,,,,"cOm6O0xOOWWG7Dw, MJ40578369, lise_tarot, hidamari_kota33"
0,,,,,,,
0,30B9LAYm1Kamawb,,,,,,"pentaxxx, zC6LtJF6yRfsegE, snpp75"
0,qpSk36g0u1zQ2Is,,,,,,osushi365days
0,Nanaio627,,,,,,"daikokuusagisan, kato_taizo, kenken_uranai"
0,,,,,,,anmaro_yumochi
0,,,,,,,
0,,,,,,,"kitchenfarmerjp, misiru43, EmptyDumpty0"
0,,,,,,,"tmjemxt, INTERNET_nannn_, Chance443"
0,,,,,,,"coorai1973, Hkazuchan"
0,,,,,,,"Y4aWi, yonepi358"
0,,,,,,,"choco_mnk, bit_ravel"
0,,,,,,,"kuwanasousha, maemukimuji, kasumix6"
0,,,,,,,snykt1
0,,,,,,,"escape_no_e_yo, h9_crm, sasacchi_y, living_707, sasacchi_y"
0,,,,,,,
0,,,,,,,"sakuranotabi, soyokaze_2"
0,,,,,,,anrimessage
0,,,,,,,
0,,,,,,,"widebrightstar, distance_rino, 4nxv8H7SpyRJVJT, JinjyaTamada, setuna7rest, 10/7, 9/12, 9/8, utsubo_u2bo, COCO84998706, COCO84998706"
0,,,,,,,"uranai_kanizaa, roadside_flower, kazu_xyz777, commu_saori, maimai_moon_ss"
0,,,,,,,"mlqc77q, ichigoame3333, PzhZ7zR8UHW3aUl"
0,,,,,,,
0,,,,,,,"jinjahan0817, tFLlSEoZAB3zq6u, TUBE35990256, nanana65455973, yoru55kumo"
0,,,,,,,nyaopon55
0,"ken_life_change, sunsunrainbow",,,,,,"jinjasandou, esd5F310MOpF7y8, Freynya_Katoh, kobaheart0927"
0,,,,,,,
0,ittyuntyun,,,,,,keep_Rie_minde
0,,,,,,,"186_waterlily, oriii_chance, 5/26, Tsurigane_mushi"
0,,,,,,,
0,,,,,,,"flowerwhitesun, minori_kikuhito, Mei_phot0"
0,,,,,,,"kyoshirok1, mika_l0ve4u, WAXMOlP2pshEAkf"
0,,,,,,,"yoshioka1632, capri_classica, TakeUshiku, kwai_yoo, kwgt_tts, Reinakasuga, 8/30, 8/3, 7/30, Robert_6810_"
0,,,,,,,"linne_flower, katotaizobot"
0,,,,,,,"utina_nntyu, tomozou_imaore, rin_yumegiwa, baekaika, aocharming_star, 9O26ttdX7jMUMdB"
0,,,,,,,harutouranai
0,,,,,,,
0,,,,,,,"smiley_guidance, asaka_mystery31"
0,,,,,,,
0,,,,,,,"yuiphoto2, kenken0019"
0,,,,,,,
0,,,,,,,"tortar101, HayatoSuzuki11, nglfld, eharahiroyuki, gomibakorecycle, 3289iikopug"
0,,,,,,,"VS7msFbctBNdksq, OgVZEBsIElrOpEr, liam1noel7"
0,,,,,,,"yusan26180810, riku_dct, noachann__oO, yauyuism"
0,Dgoutokuji,,,,,,"notetantan, mei_traveller, gosyuin_kana"
0,,,,,,,kayochan8888
0,,,,,,,"bonchi0303, HSP33966126"
0,,,,,,,"masyumaro_ayuyu, phinullempty"
0,,,,,,,"TeacherhaGreat, KNa_Tamaro"
0,,,,,,,"miyabi07070, minnano__PAPA"
0,,,,,,,"yuyuyuonsendayo, yuyutasmile, manatea_0121"
0,,,,,,,naothi888
0,,,,,,,destiny070888
0,,,,,,,"heartblog1120        gori_biz, Os__0114"
0,,,,,,,
0,,,,,,,
0,,,,,,,
0,,,,,,,"PdoctorTomy, narityx"
0,,,,,,,"tstaroturanai, Hi_DesignFocus, Sen_taku_yasan, GsinOyaji, kagshuntravel"
0,Ray80081111,,,,,,"masa_FScratch, ropcshumi, T2Us3JUn6OeCySv, Ouka091117"
0,,,,,,,mumuri7575
0,,,,,,,"plumyogamat, maiko_otsu, realuspi, yuripon0723"
0,,,,,,,"RanRan358, ForestStoryTime, finewezar, yukimusi1809, rika0305rikisan"
0,,,,,,,masa_counselor
0,,,,,,,
0,,,,,,,"l5RbdIcC6CDPOq9, harmonytwin8888"
0,,,,,,,AjahnChahBot
0,,,,,,,"manarinsakura, YMLL1q9Ez3gCm8f, freelance_yasu"
0,,,,,,,"kiri__tsuki, saori_shikisai, alohalanipie_hi, makomonosato"
0,,,,,,,"lito_leafart, no_idea_akira_m"
0,kaigai_sa,,,,,,"Utuhare9, aaaa836837393"
0,,,,,,,"rei10830349, naosan_photo"
0,tora_tora_free,,,,,,ytOotJbbQWZfQLr
0,,,,,,,"eito8eagle, tyu_hanka, jkbnx"
0,,,,,,,taa_no_nichijo
0,,,,,,,"arasaachan2022, t1MwR7AAB5yb0EM, Kumi_8889"
0,,,,,,,hinaren19
0,,,,,,,"amanouzume151, 444bot2"
0,,,,,,,
0,,,,,,,"junya_ikd, iruma7788, Kakorichi8726, 11/28, 10/15, 10/12, 10/3, 9/12, naturalpastel74, pomu_iyashi, am_phtoimo_3939"
0,tarotmitarou,,,,,,"Kana99letsgo, romajunko123, Purrinnnnnyanko, k_tamago_power, Lunato_cat, 1996sayu229, hanakija38, hukuen_kiriko"
0,,,,,,,"kb76448705, hachimanshrine, matsu25612, iroha_spiritual, yuyatosaiun, MyxQmsqZGCdXl7Q"
0,,,,,,,sinri_hsp
0,,,,,,,
0,,,,,,,"11/14, 10/13, 10/11, 9/13.ushijiro_umada, 8/3.hiyokodayo13, kanon_shiranoi"
0,,,,,,,"koganemushiwa, kazuki_kaiun, spihealing, shizu_ku_kirari, tsumugi_pt999"
0,,,,,,,"Bb5Nobuo, hiyoshi_jinja, yoshikawa8izume, monaka_fire, 358Riruru, 7/23, SceneryFavorite"
0,,,,,,,
0,,,,,,,"usogoto, ushimadoshrine, hawk_master414, TRAGICMINE, 7/30, tatsu_oku, 7/27, mentaru_33"
0,,,,,,,Ukki2019
0,jasmine_to8888,,,,,,"tsuiokuno1, umibenisumitai, umibenisumitai"
0,,,,,,,"m_turedure, spec024, 0LfFK0zoxNkWOIm, moyori_35, quot_drtomabech"
0,,,,,,,
0,,,,,,,"InshokukenZen, taromyoo, nogijinja_miko, iizuka_reibay, 11/28, 8/18, 140words_recipe, mamys0528, hiyori2020101, 9dUdCpuAqFwYAL"
0,,,,,,,"DrYumekuiBaku, hacchin1234"
0,,,,,,,"harurasmile, MSYN738, goshuinchou"
0,,,,,,,
0,,,,,,,
0,,,,,,,"coco_369_, yurieuranai, no53go, POEMI00001, ESQXeRaJCahzuk1, co_ha_cu"
0,,,,,,,
0,,,,,,,"mate_hsp, nobuaki2711, Girrafe24, YUKINOWILL, nishinishi_kun"
0,,,,,,,
0,,,,,,,"atsuyuki_sales, gttr4500, grapeand_story, gttr4500, mikonikoeco, enchantoyou"
0,,,,,,,"aikotoba_salon, aokiachievement, coach_watanabe, RHN252511/28, 9/2, myself32sp, 5IYsb2l0Jhoxck7"
0,,,,,,,
0,,,,,,,
0,,,,,,,"935_gol, sabotage1113"
0,,,,,,,
0,,,,,,,"uezuss, _coco_007, mikikai2, kokoroyutakaniT, mocchi_pri, uraotoworld, erika_mental, horus_speak"
0,,,,,,,sohdai_SENSAI
0,,,,,,,"takeshi04031, iku_kosei449, utuutukuni"
0,gobo_biz,,,,,,kimi_10_shiromi
0,,,,,,,"mari_kigyo, yubeshichan300, spreadworldjpn, GAJ8zLAyhQgmrwg, 8/2, kii_voielactee"
0,,,,,,,
0,,,,,,,"ai_kotodamamind, teretasu, emu_konkatsu, yukikaoruko, 5/26, myannta69"
0,,,,,,,"kOADXUbNAiDqBG5, nao63013944, nakato917725, on_promethe"
0,,,,,,,"SatsukiLaw, TETSU_aaa, Junharu3361"
0,"NU4IryyiHpsaa8Q, treeoflife_new",,,,,,"loalivekily3, NE6PofR1Ns35VEk, heyy_ime, smilepeopleinj1"
0,reiwachan_co_jp,,,,,,"bekkaku_, myon_344, RIPSLYME5, katakana_miwa, Ishita32100826, sakurajapan72, megumu09418486"
0,,,,,,,
0,,,,,,,
0,,,,,,,
0,,,,,,,misiru_
0,,,,,,,
0,,,,,,,"uranai_itezaa, notekat, YMidori35, nishinishi_kun"
0,,,,,,,"jIZcft8e3OLjclP, ikeike3103"
0,,,,,,,
0,,,,,,,"aogakusei_, arai_LD, lulai_lune"
0,,,,,,,"uranai_uozaa, necoyama_neco, towa_wellbeing, 8Tj6NpuIfCMwEYO, fu_majime66"
0,,,,,,,kurimi758
0,"flat_0825, morimizumikako",,,,,,"chi_ku4_ari_nco, mu_haruhi"
0,,,,,,,"EriPureStar1212, kotone7biyori"
0,,,,,,,"finewezar, maka_hisho, nagomu__toki, BUdhiSQgjmgiLbH, nekMustang"
0,,,,,,,"otokohone23, cocopics_tsa, SyunMk"
0,,,,,,,"miwajinnjya, kuu73114, senkonman, Incantation_clb, yuni_lovemyself, KahokoTsunezawa"
0,,,,,,,
0,takehito_miya,,,,,,ESQXeRaJCahzuk1
0,,,,,,,"chiimama0409, 25_ni_ko_, triodiary"
0,,,,,,,
0,,,,,,,
0,,,,,,,"adgopwpm, meiwaplatech"
0,moririnlabo,,,,,,masayachiba
0,,,,,,,
0,,,,,,,
0,,,,,,,
0,,,,,,,"goruvictoria, Yuiphoto888, tabestation, iiaamtmk, wasurenagusa_28"
0,fkuroyukix,,,,,,"chococo_rp, maco_sns, _hana_iro"
0,,,,,,,"16tea24, wayu_jiyu, hiro_signore, KIYOHAR13911665, GosyuinOmikuji"
0,,,,,,,
0,,,,,,,kasegu_master
0,,,,,,,"Kyoto_Ryota_F, cobraptl, kamomioyajinja"
0,,,,,,,
0,,,,,,,aya_sinmama
0,,,,,,,
0,rikomiyazawa,,,,,,
0,milky_way__love,,,,,,"shakunone, CS60osaka1, yuridesign_vn, bluelotus808, Omaoma2140, misatofikiitos, kashiwagi84, Akirin18, komaList0311, Rururuu_0406, FUKUGOD, kuroyoubi14"
0,,,,,,,
0,,,,,,,
0,,,,,,,"toyokunishrine, shiitake7919"
0,kitsunesama2021,,,,,,"fukufukugoma, sunwindowhana, kumejirouskume1, sainokunihirosi, NIKOchan25, 10/14, 10/11, 9/27, 8/23, tamagowomusita, kinuehirokawa, RedBullakabeco"
0,,,,,,,"apricot_candy_a, yuka_nexwave, spi_uranai01, ooya_jumasy8, 11/28, KASUGASHRINE, kenkun_jinja, apricot_candy_a, fukufuk52988398, riemann_100, hanamar79700561"
0,,,,,,,"ADHD_O_chan, ADHD_O_chan, 1/9, 11/28, 11/7, 10/30, 10/24, MomomoM_m1, DjOr9qej8SvuWoe"
0,,,,,,,
0,,,,,,,
0,,,,,,,"sasahiro_lif, hellwanko"
0,,,,,,,
0,,,,,,,
0,,,,,,,"aitamanegi, necononegot"
0,,,,,,,"mako_chie, 2qiaLo, manami_body, 1/6, 12/27, 12/8, Monjiro_2017, ZiNmt6f, uranai_oushiza, kattsun0629"
0,,,,,,,
0,,,,,,,
0,yoshito_1977_,,,,,,Haruka_Clear
0,,,,,,,"Kizashi_S, accessLabo"
0,,,,,,,
0,,,,,,,
0,,,,,,,"seimeijinja, Minazuki_Rion3, ritsuuranaishi, yopei1222, haruobb, suyasuyato3, yamachan_5LC"
0,,,,,,,"radran20, oki_1192kenko, LpXk6, oki_1192kenko, Kagami_Ryuji, lilacblueblue, Takadakavoce"
0,,,,,,,"Daisuke_F369, koshian_chiba, zenji_nio, aoejinja, MuseeMagica, makiakari, kaedechann3"
0,,,,,,,"Ninna_ji, uranai_yagizaa, ryujin8jinturki, 9/17, Kiuiage, mako0350, shion0x0x, charko11spi, mangayaro, hireakiju68"
0,,,,,,,
0,,,,,,,
0,,,,,,,
0,,,,,,,
0,,,,,,,
0,,,,,,,
0,,,,,,,
0,,,,,,,
0,,,,,,,
0,,,,,,,
0,,,,,,,"badassceo, satoko_blessyou, PBVcy7GiZoKFi2k, japan50032175, saeligood, kanon_itami_Try, sayuri825, NHJcxs4pPIlPX0Q, NHJcxs4pPIlPX0Q"
0,,,,,,,
0,,,,,,,
0,,,,,,,
0,,,,,,,
0,,,,,,,"jurinasuehiro, Carriekonkatsu, shiningerikafo1, chirori_san, coco_369_, maru_u001, t3zlwoCONg52AML, kae4649ne, kinoshita_nw"
0,,,,,,,"konnakareha18da, yoshiminpower, hotaka_tsukada, ort100sup, meidiamond, 333twinray, sangenshabutu"
0,,,,,,,"yaino_group, koichi_kawakami, mahide8, e98SnMZJchhlqjt, yamagata88akira, mika_n_chan1994, nanami00463354, 8/8, miurennrenn, oM4MPkb5I75QZO9"
0,,,,,,,"nakisyozyo, nakisyozyo, 1/9, 12/17, 11/28, 11/23, kamihito_kotoba, prana_mana"
0,,,,,,,
0,Hidepon_Art,,,,,,"sadamasa_mori, sadamasa_mori, aya_gokigen, kifunejinja, awata_shrine, oyumaru000, yymrtg, AoiKoyama1"
0,,,,,,,
0,,,,,,,
0,,,,,,,"TukitoRyu1, MA1YU5MI, hitsuji_photos, hoikude0874, mocchiyinc"
0,,,,,,,
0,,,,,,,"shibasaki_art, Drmiidr, maccya_book, uranai_sasoriza, adafklpp"
0,,,,,,,"junya_ikd, iruma7788, Kakorichi8726, 11/28, 10/15, 10/12, 10/3, 9/12, naturalpastel74, pomu_iyashi, am_phtoimo_3939"
0,,,,,,,
0,,,,,,,
0,,,,,,,
0,,,,,,,
0,,,,,,,
0,,,,,,,
0,,,,,,,
0,,,,,,,
0,,,,,,,
0,,,,,,,
0,,,,,,,
0,,,,,,,
0,,,,,,,
0,,,,,,,
0,,,,,,,
0,,,,,,,
0,,,,,,,
0,,,,,,,
0,,,,,,,
0,,,,,,,
0,,,,,,,
0,,,,,,,
0,,,,,,,
0,,,,,,,
0,,,,,,,
0,,,,,,,
0,,,,,,,
0,,,,,,,
0,,,,,,,
0,,,,,,,
0,,,,,,,
0,,,,,,,
0,,,,,,,
0,,,,,,,
0,,,,,,,
0,,,,,,,
0,,,,,,,
0,,,,,,,
0,,,,,,,
0,,,,,,,
0,,,,,,,
0,,,,,,,
0,,,,,,,
0,,,,,,,
0,,,,,,,
0,,,,,,,
0,,,,,,,
0,,,,,,,
0,,,,,,,
0,,,,,,,
0,,,,,,,
0,,,,,,,
0,,,,,,,
0,,,,,,,
0,,,,,,,
0,,,,,,,
0,,,,,,,
0,,,,,,,
0,,,,,,,
0,,,,,,,
0,,,,,,,
0,,,,,,,
0,,,,,,,
0,,,,,,,
0,,,,,,,
0,,,,,,,
0,,,,,,,
0,,,,,,,
0,,,,,,,
0,,,,,,,
0,,,,,,,
0,,,,,,,
0,,,,,,,
0,,,,,,,
0,,,,,,,
0,,,,,,,
0,,,,,,,
0,,,,,,,
0,,,,,,,
0,,,,,,,
0,,,,,,,
0,,,,,,,
0,,,,,,,
0,,,,,,,
0,,,,,,,
0,,,,,,,
0,,,,,,,
0,,,,,,,
0,,,,,,,
0,,,,,,,
0,,,,,,,
0,,,,,,,
0,,,,,,,
0,,,,,,,
0,,,,,,,
0,,,,,,,
0,,,,,,,
0,,,,,,,
0,,,,,,,
0,,,,,,,
0,,,,,,,
0,,,,,,,
0,,,,,,,
0,,,,,,,
0,,,,,,,
0,,,,,,,
0,,,,,,,
0,,,,,,,
0,,,,,,,
0,,,,,,,
0,,,,,,,
